"Address","Content Type","Status Code","Status","Indexability","Indexability Status","Title 1","Title 1 Length","Title 1 Pixel Width","Meta Description 1","Meta Description 1 Length","Meta Description 1 Pixel Width","Meta Description 2","Meta Description 2 Length","Meta Description 2 Pixel Width","Meta Keywords 1","Meta Keywords 1 Length","H1-1","H1-1 Length","H1-2","H1-2 Length","H2-1","H2-1 Length","H2-2","H2-2 Length","Meta Robots 1","X-Robots-Tag 1","Meta Refresh 1","Canonical Link Element 1","rel=""next"" 1","rel=""prev"" 1","HTTP rel=""next"" 1","HTTP rel=""prev"" 1","amphtml Link Element","Size (Bytes)","Transferred (Bytes)","Total Transferred (Bytes)","CO2 (mg)","Carbon Rating","Word Count","Sentence Count","Average Words Per Sentence","Flesch Reading Ease Score","Readability","Text Ratio","Crawl Depth","Folder Depth","Link Score","Inlinks","Unique Inlinks","Unique JS Inlinks","% of Total","Outlinks","Unique Outlinks","Unique JS Outlinks","External Outlinks","Unique External Outlinks","Unique External JS Outlinks","Closest Near Duplicate Match","No. Near Duplicates","Spelling Errors","Grammar Errors","Hash","Response Time","Last Modified","Redirect URL","Redirect Type","Cookies","Language","HTTP Version","Mobile Alternate Link","Closest Semantically Similar Address","Semantic Similarity Score","No. Semantically Similar","Semantic Relevance Score","URL Encoded Address","Crawl Timestamp"
"https://heartlandk9s.org/","text/html; charset=UTF-8","200","OK","Indexable","","Heartland Canines for Veterans – Providing Service Dogs To Eligible Disabled Veterans – So They Never Walk Alone","112","1031","EMAIL info@heartlandk9s.org PHONE 800-913-6189 HOURS 8:00am - 5:00pm HOW IT WORKS At Heartland Canines for Veterans, we are driven by a single goal; to do our p","160","1060","EMAIL 

info@heartlandk9s.org  
PHONE 

800-913-6189  
HOURS 

8:00am - 5:00pm    HOW IT WORKS","102","586","","0","So they never walk alone","24","HOW IT WORKS","12","WHAT WE DO","10","","0","max-image-preview:large, max-snippet:-1, max-video-preview:-1","","","https://heartlandk9s.org/","","","","","","124626","23174","23174","3.434","","573","109","5.257","75.854","Fairly Easy","2.921","0","0","","33","19","0","100.000","30","22","0","3","3","0","","","","","e5464154631d2f65f96b78ef3b354ec0","0.743","","","","","en-US","1.1","","","","","","https://heartlandk9s.org/","2026-09-13 10:31:45"
"https://heartlandk9s.org/wp-content/plugins/fusion-builder/assets/js/min/general/fusion-container.js?ver=3.16.1","application/x-javascript","200","OK","Indexable","","","0","0","","0","0","","0","0","","0","","0","","0","","0","","0","","","","","","","","","","4663","4663","4663","0.691","","0","","","","","0.000","1","7","","0","0","0","0.000","0","0","0","0","0","0","","","","","","0.279","Wed, 26 Aug 2026 02:51:23 GMT","","","","","1.1","","","","","","https://heartlandk9s.org/wp-content/plugins/fusion-builder/assets/js/min/general/fusion-container.js?ver=3.16.1","2026-09-13 10:31:46"
"https://heartlandk9s.org/wp-content/themes/Avada/assets/min/js/general/avada-quantity.js?ver=7.16.1","application/x-javascript","200","OK","Indexable","","","0","0","","0","0","","0","0","","0","","0","","0","","0","","0","","","","","","","","","","836","836","836","0.124","","0","","","","","0.000","1","7","","0","0","0","0.000","0","0","0","0","0","0","","","","","","0.279","Wed, 26 Aug 2026 02:51:14 GMT","","","","","1.1","","","","","","https://heartlandk9s.org/wp-content/themes/Avada/assets/min/js/general/avada-quantity.js?ver=7.16.1","2026-09-13 10:31:46"
"https://heartlandk9s.org/wp-content/themes/Avada/includes/lib/assets/min/js/library/fusion-video-bg.js?ver=1","application/x-javascript","200","OK","Indexable","","","0","0","","0","0","","0","0","","0","","0","","0","","0","","0","","","","","","","","","","1674","1674","1674","0.248","","0","","","","","0.000","1","9","","0","0","0","0.000","0","0","0","0","0","0","","","","","","0.279","Wed, 26 Aug 2026 02:51:14 GMT","","","","","1.1","","","","","","https://heartlandk9s.org/wp-content/themes/Avada/includes/lib/assets/min/js/library/fusion-video-bg.js?ver=1","2026-09-13 10:31:46"
"https://heartlandk9s.org/wp-content/themes/Avada/includes/lib/assets/min/js/general/fusion-responsive-typography.js?ver=3.16.1","application/x-javascript","200","OK","Indexable","","","0","0","","0","0","","0","0","","0","","0","","0","","0","","0","","","","","","","","","","1091","1091","1091","0.162","","0","","","","","0.000","1","9","","0","0","0","0.000","0","0","0","0","0","0","","","","","","0.257","Wed, 26 Aug 2026 02:51:14 GMT","","","","","1.1","","","","","","https://heartlandk9s.org/wp-content/themes/Avada/includes/lib/assets/min/js/general/fusion-responsive-typography.js?ver=3.16.1","2026-09-13 10:31:46"
"https://heartlandk9s.org/wp-content/themes/Avada/assets/min/js/general/avada-live-search.js?ver=7.16.1","application/x-javascript","200","OK","Indexable","","","0","0","","0","0","","0","0","","0","","0","","0","","0","","0","","","","","","","","","","1274","1274","1274","0.189","","0","","","","","0.000","1","7","","0","0","0","0.000","0","0","0","0","0","0","","","","","","0.258","Wed, 26 Aug 2026 02:51:14 GMT","","","","","1.1","","","","","","https://heartlandk9s.org/wp-content/themes/Avada/assets/min/js/general/avada-live-search.js?ver=7.16.1","2026-09-13 10:31:46"
"https://heartlandk9s.org/back-the-pack/","text/html; charset=UTF-8","200","OK","Indexable","","Back the Pack – Heartland Canines for Veterans","46","430","Back the Pack We would like to send a big thank you to our Back the Pack partners. If you would like the join the pack please contact us for more information or","160","978","Back the Pack    

We would like to send a big thank you to our Back the Pack partners. If you would like the join the pack please contact us for more information or check out our different campaigns below. View Campaigns","223","1344","","0","","0","","0","Back the Pack","13","","0","max-image-preview:large, max-snippet:-1, max-video-preview:-1","","","https://heartlandk9s.org/back-the-pack/","","","","","","83335","17893","17893","2.652","","57","13","4.385","100.000","Very Easy","0.641","1","1","","22","18","0","94.740","31","27","0","3","3","0","","","","","d6d097406a0f80fc22344cb210ed570f","0.580","","","","","en-US","1.1","","","","","","https://heartlandk9s.org/back-the-pack/","2026-09-13 10:31:46"
"https://heartlandk9s.org/wp-content/plugins/cookie-notice-and-consent-banner//js/cookiebanner.js?ver=1.7.14","application/x-javascript","200","OK","Indexable","","","0","0","","0","0","","0","0","","0","","0","","0","","0","","0","","","","","","","","","","12799","12799","12799","1.897","","0","","","","","0.000","1","4","","0","0","0","0.000","0","0","0","0","0","0","","","","","","0.085","Sun, 22 Mar 2026 20:07:04 GMT","","","","","1.1","","","","","","https://heartlandk9s.org/wp-content/plugins/cookie-notice-and-consent-banner//js/cookiebanner.js?ver=1.7.14","2026-09-13 10:31:47"
"http://heartlandk9s.org/wp-content/uploads/2025/06/DSC0259-300x200.jpeg","text/html","301","Moved Permanently","Non-Indexable","Redirected","","0","0","","0","0","","0","0","","0","","0","","0","","0","","0","","","","","","","","","","795","795","795","0.118","","0","","","","","0.000","1","4","","0","0","0","0.000","0","0","0","0","0","0","","","","","","0.169","","https://heartlandk9s.org/wp-content/uploads/2025/06/DSC0259-300x200.jpeg","HTTP Redirect","","","1.1","","","","","","http://heartlandk9s.org/wp-content/uploads/2025/06/DSC0259-300x200.jpeg","2026-09-13 10:31:47"
"http://heartlandk9s.org/volunteer/","text/html","301","Moved Permanently","Non-Indexable","Redirected","","0","0","","0","0","","0","0","","0","","0","","0","","0","","0","","","","","","","","","","795","795","795","0.118","","0","","","","","0.000","1","1","","1","1","0","5.260","0","0","0","0","0","0","","","","","","0.169","","https://heartlandk9s.org/volunteer/","HTTP Redirect","","","1.1","","","","","","http://heartlandk9s.org/volunteer/","2026-09-13 10:31:47"
"https://heartlandk9s.org/wp-content/uploads/fusion-styles/2e1c8baa4630096c1ac3e4793f812c56.min.css?ver=3.16.1","text/css","200","OK","Indexable","","","0","0","","0","0","","0","0","","0","","0","","0","","0","","0","","","","","","","","","","0","0","0","0.000","","0","","","","","0.000","1","3","","0","0","0","0.000","0","0","0","0","0","0","","","","","","0.259","Wed, 26 Aug 2026 02:51:30 GMT","","","","","1.1","","","","","","https://heartlandk9s.org/wp-content/uploads/fusion-styles/2e1c8baa4630096c1ac3e4793f812c56.min.css?ver=3.16.1","2026-09-13 10:31:47"
"https://heartlandk9s.org/author/admin/","text/html; charset=UTF-8","301","Moved Permanently","Non-Indexable","Redirected","","0","0","","0","0","","0","0","","0","","0","","0","","0","","0","","","","","","","","","","0","0","0","0.000","","0","","","","","0.000","1","2","","11","11","0","57.890","0","0","0","0","0","0","","","","","","0.474","","https://heartlandk9s.org/","HTTP Redirect","","","1.1","","","","","","https://heartlandk9s.org/author/admin/","2026-09-13 10:31:47"
"https://heartlandk9s.org/wp-content/themes/Avada/includes/lib/assets/min/js/general/fusion-button.js?ver=7.1","application/x-javascript","200","OK","Indexable","","","0","0","","0","0","","0","0","","0","","0","","0","","0","","0","","","","","","","","","","235","235","235","0.035","","0","","","","","0.000","1","9","","0","0","0","0.000","0","0","0","0","0","0","","","","","","0.087","Wed, 26 Aug 2026 02:51:14 GMT","","","","","1.1","","","","","","https://heartlandk9s.org/wp-content/themes/Avada/includes/lib/assets/min/js/general/fusion-button.js?ver=7.1","2026-09-13 10:31:47"
"http://heartlandk9s.org/wp-content/uploads/2023/05/Concept-1-rocker-outlined-2-263x300.png","text/html","301","Moved Permanently","Non-Indexable","Redirected","","0","0","","0","0","","0","0","","0","","0","","0","","0","","0","","","","","","","","","","795","795","795","0.118","","0","","","","","0.000","1","4","","0","0","0","0.000","0","0","0","0","0","0","","","","","","0.158","","https://heartlandk9s.org/wp-content/uploads/2023/05/Concept-1-rocker-outlined-2-263x300.png","HTTP Redirect","","","1.1","","","","","","http://heartlandk9s.org/wp-content/uploads/2023/05/Concept-1-rocker-outlined-2-263x300.png","2026-09-13 10:31:47"
"https://heartlandk9s.org/wp-content/plugins/fusion-builder/assets/js/min/library/jquery.textillate.js?ver=3.16.1","application/x-javascript","200","OK","Indexable","","","0","0","","0","0","","0","0","","0","","0","","0","","0","","0","","","","","","","","","","2151","2151","2151","0.319","","0","","","","","0.000","1","7","","0","0","0","0.000","0","0","0","0","0","0","","","","","","0.251","Wed, 26 Aug 2026 02:51:23 GMT","","","","","1.1","","","","","","https://heartlandk9s.org/wp-content/plugins/fusion-builder/assets/js/min/library/jquery.textillate.js?ver=3.16.1","2026-09-13 10:31:47"
"https://heartlandk9s.org/donate/","text/html; charset=UTF-8","200","OK","Indexable","","Donate – Heartland Canines for Veterans","39","368","Donating has never been easier! Click the Zeffy Logo to Donate! Thank you so much for donating! We will put your gift to work right away. Mail your donation to:","160","983","Donating has never been easier! Click the Zeffy Logo to Donate!      

Thank you so much for donating!
We will put your gift to work right away.

Mail your donation to:
12651 Gateway Dr
Neosho MO 64850

If you have any questions, please call us at 417-312-7484.       

Donating has","293","1667","","0","","0","","0","","0","","0","max-image-preview:large, max-snippet:-1, max-video-preview:-1","","","https://heartlandk9s.org/donate/","","","","","","83219","18014","18014","2.670","","167","31","5.387","81.306","Easy","1.458","1","1","","27","18","0","94.740","16","12","0","5","4","0","","","","","21fa83f55c67835bba0c7ec61c3c26d6","0.664","","","","","en-US","1.1","","","","","","https://heartlandk9s.org/donate/","2026-09-13 10:31:47"
"https://heartlandk9s.org/wp-content/plugins/fusion-builder/assets/js/min/library/SplitType.js?ver=3.16.1","application/x-javascript","200","OK","Indexable","","","0","0","","0","0","","0","0","","0","","0","","0","","0","","0","","","","","","","","","","4294","4294","4294","0.636","","0","","","","","0.000","1","7","","0","0","0","0.000","0","0","0","0","0","0","","","","","","0.084","Wed, 26 Aug 2026 02:51:23 GMT","","","","","1.1","","","","","","https://heartlandk9s.org/wp-content/plugins/fusion-builder/assets/js/min/library/SplitType.js?ver=3.16.1","2026-09-13 10:31:47"
"https://heartlandk9s.org/wp-content/themes/Avada/assets/min/js/general/avada-general-footer.js?ver=7.16.1","application/x-javascript","200","OK","Indexable","","","0","0","","0","0","","0","0","","0","","0","","0","","0","","0","","","","","","","","","","220","220","220","0.033","","0","","","","","0.000","1","7","","0","0","0","0.000","0","0","0","0","0","0","","","","","","0.260","Wed, 26 Aug 2026 02:51:14 GMT","","","","","1.1","","","","","","https://heartlandk9s.org/wp-content/themes/Avada/assets/min/js/general/avada-general-footer.js?ver=7.16.1","2026-09-13 10:31:47"
"https://heartlandk9s.org/wp-content/themes/Avada/includes/lib/assets/min/js/general/fusion-alert.js?ver=7.1","application/x-javascript","200","OK","Indexable","","","0","0","","0","0","","0","0","","0","","0","","0","","0","","0","","","","","","","","","","260","260","260","0.039","","0","","","","","0.000","1","9","","0","0","0","0.000","0","0","0","0","0","0","","","","","","0.260","Wed, 26 Aug 2026 02:51:14 GMT","","","","","1.1","","","","","","https://heartlandk9s.org/wp-content/themes/Avada/includes/lib/assets/min/js/general/fusion-alert.js?ver=7.1","2026-09-13 10:31:47"
"https://heartlandk9s.org/wp-content/themes/Avada/assets/min/js/general/avada-drop-down.js?ver=7.16.1","application/x-javascript","200","OK","Indexable","","","0","0","","0","0","","0","0","","0","","0","","0","","0","","0","","","","","","","","","","1137","1137","1137","0.169","","0","","","","","0.000","1","7","","0","0","0","0.000","0","0","0","0","0","0","","","","","","0.253","Wed, 26 Aug 2026 02:51:14 GMT","","","","","1.1","","","","","","https://heartlandk9s.org/wp-content/themes/Avada/assets/min/js/general/avada-drop-down.js?ver=7.16.1","2026-09-13 10:31:47"
"https://heartlandk9s.org/events/","text/html; charset=UTF-8","200","OK","Indexable","","Events – Heartland Canines for Veterans","39","364","Joplin Jailbirds Veteran Appreciation Night Date: 25 July 2026 Gates open at 6 PM game starts at 7 pm Location: Joe Becker Stadium Joplin MO Pregame tickets are","160","1015","Joplin Jailbirds Veteran Appreciation Night

 	Date: 25 July 2026
 	Gates open at 6 PM game starts at 7 pm
 	Location: Joe Becker Stadium Joplin MO
 	Pregame tickets are $9 by going to the website listed. $3 of each ticket goes to Heartland Canines for Veterans!
 	You can purchase tickets the night of the","312","1831","","0","Events","6","Joplin Jailbirds Veteran Appreciation Night","43","","0","","0","max-image-preview:large, max-snippet:-1, max-video-preview:-1","","","https://heartlandk9s.org/events/","","","","","","78400","17556","17556","2.602","","163","31","5.258","94.061","Very Easy","1.441","1","1","","22","18","0","94.740","17","12","0","4","4","0","","","","","b5908596a9e252568f879814f0d68df7","0.517","","","","","en-US","1.1","","","","","","https://heartlandk9s.org/events/","2026-09-13 10:31:47"
"https://heartlandk9s.org/wp-content/plugins/fusion-builder/assets/js/min/general/awb-background-slider.js?ver=7.1","application/x-javascript","200","OK","Indexable","","","0","0","","0","0","","0","0","","0","","0","","0","","0","","0","","","","","","","","","","794","794","794","0.118","","0","","","","","0.000","1","7","","0","0","0","0.000","0","0","0","0","0","0","","","","","","0.249","Wed, 26 Aug 2026 02:51:23 GMT","","","","","1.1","","","","","","https://heartlandk9s.org/wp-content/plugins/fusion-builder/assets/js/min/general/awb-background-slider.js?ver=7.1","2026-09-13 10:31:47"
"https://heartlandk9s.org/wp-content/themes/Avada/assets/min/js/general/avada-scrollspy.js?ver=7.16.1","application/x-javascript","200","OK","Indexable","","","0","0","","0","0","","0","0","","0","","0","","0","","0","","0","","","","","","","","","","345","345","345","0.051","","0","","","","","0.000","1","7","","0","0","0","0.000","0","0","0","0","0","0","","","","","","0.244","Wed, 26 Aug 2026 02:51:14 GMT","","","","","1.1","","","","","","https://heartlandk9s.org/wp-content/themes/Avada/assets/min/js/general/avada-scrollspy.js?ver=7.16.1","2026-09-13 10:31:48"
"http://heartlandk9s.org/meet-the-team/","text/html","301","Moved Permanently","Non-Indexable","Redirected","","0","0","","0","0","","0","0","","0","","0","","0","","0","","0","","","","","","","","","","795","795","795","0.118","","0","","","","","0.000","1","1","","1","1","0","5.260","0","0","0","0","0","0","","","","","","0.156","","https://heartlandk9s.org/meet-the-team/","HTTP Redirect","","","1.1","","","","","","http://heartlandk9s.org/meet-the-team/","2026-09-13 10:31:48"
"https://heartlandk9s.org/wp-content/themes/Avada/includes/lib/assets/min/js/general/fusion-lightbox.js?ver=1","application/x-javascript","200","OK","Indexable","","","0","0","","0","0","","0","0","","0","","0","","0","","0","","0","","","","","","","","","","2469","2469","2469","0.366","","0","","","","","0.000","1","9","","0","0","0","0.000","0","0","0","0","0","0","","","","","","0.251","Wed, 26 Aug 2026 02:51:14 GMT","","","","","1.1","","","","","","https://heartlandk9s.org/wp-content/themes/Avada/includes/lib/assets/min/js/general/fusion-lightbox.js?ver=1","2026-09-13 10:31:48"
"https://heartlandk9s.org/wp-content/themes/Avada/includes/lib/assets/min/js/general/fusion.js?ver=3.16.1","application/x-javascript","200","OK","Indexable","","","0","0","","0","0","","0","0","","0","","0","","0","","0","","0","","","","","","","","","","1652","1652","1652","0.245","","0","","","","","0.000","1","9","","0","0","0","0.000","0","0","0","0","0","0","","","","","","0.244","Wed, 26 Aug 2026 02:51:14 GMT","","","","","1.1","","","","","","https://heartlandk9s.org/wp-content/themes/Avada/includes/lib/assets/min/js/general/fusion.js?ver=3.16.1","2026-09-13 10:31:48"
"http://heartlandk9s.org/wp-content/uploads/2025/06/Train-gym-300x225.jpg","text/html","301","Moved Permanently","Non-Indexable","Redirected","","0","0","","0","0","","0","0","","0","","0","","0","","0","","0","","","","","","","","","","795","795","795","0.118","","0","","","","","0.000","1","4","","0","0","0","0.000","0","0","0","0","0","0","","","","","","0.161","","https://heartlandk9s.org/wp-content/uploads/2025/06/Train-gym-300x225.jpg","HTTP Redirect","","","1.1","","","","","","http://heartlandk9s.org/wp-content/uploads/2025/06/Train-gym-300x225.jpg","2026-09-13 10:31:48"
"http://heartlandk9s.org/contact/","text/html","301","Moved Permanently","Non-Indexable","Redirected","","0","0","","0","0","","0","0","","0","","0","","0","","0","","0","","","","","","","","","","795","795","795","0.118","","0","","","","","0.000","1","1","","9","4","0","21.050","0","0","0","0","0","0","","","","","","0.162","","https://heartlandk9s.org/contact/","HTTP Redirect","","","1.1","","","","","","http://heartlandk9s.org/contact/","2026-09-13 10:31:48"
"https://heartlandk9s.org/wp-includes/js/jquery/jquery-migrate.min.js?ver=3.4.1","application/x-javascript","200","OK","Indexable","","","0","0","","0","0","","0","0","","0","","0","","0","","0","","0","","","","","","","","","","4865","4865","4865","0.721","","0","","","","","0.000","1","3","","0","0","0","0.000","0","0","0","0","0","0","","","","","","0.271","Sat, 10 Jan 2026 00:45:53 GMT","","","","","1.1","","","","","","https://heartlandk9s.org/wp-includes/js/jquery/jquery-migrate.min.js?ver=3.4.1","2026-09-13 10:31:48"
"https://heartlandk9s.org/wp-content/themes/Avada/assets/min/js/general/avada-parallax-footer.js?ver=7.16.1","application/x-javascript","200","OK","Indexable","","","0","0","","0","0","","0","0","","0","","0","","0","","0","","0","","","","","","","","","","748","748","748","0.111","","0","","","","","0.000","1","7","","0","0","0","0.000","0","0","0","0","0","0","","","","","","0.283","Wed, 26 Aug 2026 02:51:14 GMT","","","","","1.1","","","","","","https://heartlandk9s.org/wp-content/themes/Avada/assets/min/js/general/avada-parallax-footer.js?ver=7.16.1","2026-09-13 10:31:48"
"https://heartlandk9s.org/volunteer/","text/html; charset=UTF-8","200","OK","Indexable","","Volunteer – Heartland Canines for Veterans","42","391","Volunteer with Heartland K9s Volunteers are always welcome. If you would like to join us as a volunteer contact us so that we can find the best way for you to v","160","980","Volunteer with Heartland K9s    

Volunteers are always welcome. If you would like to join us as a volunteer contact us so that we can find the best way for you to volunteer your time. We always enjoy company at our facility, events, and other gatherings. 

Are you interested in being a volunteer","301","1771","","0","","0","","0","Volunteer with Heartland K9s","28","","0","max-image-preview:large, max-snippet:-1, max-video-preview:-1","","","https://heartlandk9s.org/volunteer/","","","","","","78087","17312","17312","2.566","","106","19","5.579","79.859","Fairly Easy","1.066","1","1","","22","18","0","94.740","17","13","0","3","3","0","","","","","5411ea525941e489a730b0b1d8f3d24e","0.492","","","","","en-US","1.1","","","","","","https://heartlandk9s.org/volunteer/","2026-09-13 10:31:48"
"https://heartlandk9s.org/wp-content/themes/Avada/includes/lib/assets/min/js/library/awb-tooltip.js?ver=1","application/x-javascript","200","OK","Indexable","","","0","0","","0","0","","0","0","","0","","0","","0","","0","","0","","","","","","","","","","3739","3739","3739","0.554","","0","","","","","0.000","1","9","","0","0","0","0.000","0","0","0","0","0","0","","","","","","0.267","Wed, 26 Aug 2026 02:51:14 GMT","","","","","1.1","","","","","","https://heartlandk9s.org/wp-content/themes/Avada/includes/lib/assets/min/js/library/awb-tooltip.js?ver=1","2026-09-13 10:31:48"
"https://heartlandk9s.org/wp-content/themes/Avada/includes/lib/assets/min/js/general/fusion-general-global.js?ver=3.16.1","application/x-javascript","200","OK","Indexable","","","0","0","","0","0","","0","0","","0","","0","","0","","0","","0","","","","","","","","","","476","476","476","0.071","","0","","","","","0.000","1","9","","0","0","0","0.000","0","0","0","0","0","0","","","","","","0.239","Wed, 26 Aug 2026 02:51:14 GMT","","","","","1.1","","","","","","https://heartlandk9s.org/wp-content/themes/Avada/includes/lib/assets/min/js/general/fusion-general-global.js?ver=3.16.1","2026-09-13 10:31:48"
"https://heartlandk9s.org/online-application/","text/html; charset=UTF-8","200","OK","Indexable","","Initial Online Application – Heartland Canines for Veterans","59","520","Are You Ready With this initiative, our goal is to promote great opportunities for those in need. With access to the right resources, people can become empowere","160","981","Are You Ready     
With this initiative, our goal is to promote great opportunities for those in need. With access to the right resources, people can become empowered by their own abilities and gain the confidence to fulfill their potential. Complete the application and submit it to Heartland K9s.","299","1764","","0","Are You Ready","13","","0","","0","","0","max-image-preview:large, max-snippet:-1, max-video-preview:-1","","","https://heartlandk9s.org/online-application/","","","","","","77694","17251","17251","2.557","","114","21","5.429","72.199","Fairly Easy","1.188","1","1","","23","18","0","94.740","17","13","0","3","3","0","","","","","2c9be79b25e0d78bccffb49d4101bfe2","0.618","","","","","en-US","1.1","","","","","","https://heartlandk9s.org/online-application/","2026-09-13 10:31:48"
"https://heartlandk9s.org/barkode/","text/html; charset=UTF-8","200","OK","Indexable","","BarKode – A Service of Heartland Canines for Veterans – Heartland Canines for Veterans","86","796","BarKode © BarKode is a unique service provided by Heartland Canines For Veterans to facilitate Service K9 Teams public access and ensure that in an emergency th","160","1008","BarKode © 
BarKode is a unique service provided by Heartland Canines For Veterans to facilitate Service K9 Teams public access and ensure that in an emergency these uniquely trained Canines are not separated from their","219","1361","","0","BarKode – A Service of Heartland Canines for Veterans","53","BarKode ©","9","","0","","0","max-image-preview:large, max-snippet:-1, max-video-preview:-1","","","https://heartlandk9s.org/barkode/","","","","","","69835","16054","16054","2.379","","227","35","6.486","55.277","Fairly Hard","2.402","1","1","","4","2","0","10.530","5","3","0","3","3","0","","","","","4d2ad9b6d03e75282443d4e0e96d6191","0.526","","","","","en-US","1.1","","","","","","https://heartlandk9s.org/barkode/","2026-09-13 10:31:48"
"https://heartlandk9s.org/wp-content/themes/Avada/assets/min/js/general/avada-to-top.js?ver=7.16.1","application/x-javascript","200","OK","Indexable","","","0","0","","0","0","","0","0","","0","","0","","0","","0","","0","","","","","","","","","","749","749","749","0.111","","0","","","","","0.000","1","7","","0","0","0","0.000","0","0","0","0","0","0","","","","","","0.100","Wed, 26 Aug 2026 02:51:14 GMT","","","","","1.1","","","","","","https://heartlandk9s.org/wp-content/themes/Avada/assets/min/js/general/avada-to-top.js?ver=7.16.1","2026-09-13 10:31:49"
"https://heartlandk9s.org/heartland-gear/","text/html; charset=UTF-8","200","OK","Indexable","","Heartland Gear – Heartland Canines for Veterans","47","440","Providing deserving Veterans who qualify for our program with a much needed service dog is costly. HK9 raises funds through grants, corporate donations and matc","160","1016","Providing deserving Veterans who qualify for our program with a much needed service dog is costly. HK9 raises funds through grants, corporate donations and matches, fundraisers and personal donations. As a way for you to help, as well as spread the world about HK9, we want you to wear our swag! Look through what we","316","2006","","0","Heartland Gear","14","","0","","0","","0","max-image-preview:large, max-snippet:-1, max-video-preview:-1","","","https://heartlandk9s.org/heartland-gear/","","","","","","79028","17670","17670","2.619","","262","41","6.390","94.760","Very Easy","2.092","1","1","","5","2","0","10.530","17","13","0","4","4","0","","","","","68e625787ba681908c1333ed6bc58c7e","0.794","","","","","en-US","1.1","","","","","","https://heartlandk9s.org/heartland-gear/","2026-09-13 10:31:48"
"https://heartlandk9s.org/wp-content/themes/Avada/includes/lib/assets/min/js/library/jquery.flexslider.js?ver=2.7.2","application/x-javascript","200","OK","Indexable","","","0","0","","0","0","","0","0","","0","","0","","0","","0","","0","","","","","","","","","","6425","6425","6425","0.952","","0","","","","","0.000","1","9","","0","0","0","0.000","0","0","0","0","0","0","","","","","","0.233","Wed, 26 Aug 2026 02:51:14 GMT","","","","","1.1","","","","","","https://heartlandk9s.org/wp-content/themes/Avada/includes/lib/assets/min/js/library/jquery.flexslider.js?ver=2.7.2","2026-09-13 10:31:49"
"https://heartlandk9s.org/wp-content/themes/Avada/includes/lib/assets/min/js/library/fusion-youtube.js?ver=2.2.1","application/x-javascript","200","OK","Indexable","","","0","0","","0","0","","0","0","","0","","0","","0","","0","","0","","","","","","","","","","1736","1736","1736","0.257","","0","","","","","0.000","1","9","","0","0","0","0.000","0","0","0","0","0","0","","","","","","0.082","Wed, 26 Aug 2026 02:51:14 GMT","","","","","1.1","","","","","","https://heartlandk9s.org/wp-content/themes/Avada/includes/lib/assets/min/js/library/fusion-youtube.js?ver=2.2.1","2026-09-13 10:31:49"
"https://heartlandk9s.org/service-dogs-and-the-ada/","text/html; charset=UTF-8","200","OK","Indexable","","Service Dogs and the ADA – Heartland Canines for Veterans","57","536","A Few Frequently Asked Questions about Service Animals and the Americans With Disabilities Act (ADA). Use the link below for a full list of questions from U.S.","159","970","A Few Frequently Asked Questions about Service Animals and the Americans With Disabilities Act (ADA). Use the link below for a full list of questions from U.S. Department of Justice Civil Rights Division. Frequently Asked Questions     

QUESTION: WHAT IS A SERVICE ANIMAL? 

Under the ADA, a service animal is defined as a","327","1964","","0","","0","","0","U.S. DEPARTMENT OF JUSTICE CIVIL RIGHTS DIVISION DISABILITY RIGHTS SECTION","74","FAIR HOUSING ACT AND SERVICE ANIMALS","36","max-image-preview:large, max-snippet:-1, max-video-preview:-1","","","https://heartlandk9s.org/service-dogs-and-the-ada/","","","","","","92221","20238","20238","2.999","","744","107","6.953","57.527","Fairly Hard","5.234","1","1","","22","18","0","94.740","16","12","0","6","6","0","","","","","7cd1756f85b8f6e9289da922ccc9da2c","0.614","","","","","en-US","1.1","","","","","","https://heartlandk9s.org/service-dogs-and-the-ada/","2026-09-13 10:31:49"
"https://heartlandk9s.org/wp-content/themes/Avada/includes/lib/assets/min/js/library/jquery.mousewheel.js?ver=3.0.6","application/x-javascript","200","OK","Indexable","","","0","0","","0","0","","0","0","","0","","0","","0","","0","","0","","","","","","","","","","1235","1235","1235","0.183","","0","","","","","0.000","1","9","","0","0","0","0.000","0","0","0","0","0","0","","","","","","0.084","Wed, 26 Aug 2026 02:51:14 GMT","","","","","1.1","","","","","","https://heartlandk9s.org/wp-content/themes/Avada/includes/lib/assets/min/js/library/jquery.mousewheel.js?ver=3.0.6","2026-09-13 10:31:49"
"https://heartlandk9s.org/wp-content/themes/Avada/assets/min/js/general/avada-crossfade-images.js?ver=7.16.1","application/x-javascript","200","OK","Indexable","","","0","0","","0","0","","0","0","","0","","0","","0","","0","","0","","","","","","","","","","226","226","226","0.033","","0","","","","","0.000","1","7","","0","0","0","0.000","0","0","0","0","0","0","","","","","","0.278","Wed, 26 Aug 2026 02:51:14 GMT","","","","","1.1","","","","","","https://heartlandk9s.org/wp-content/themes/Avada/assets/min/js/general/avada-crossfade-images.js?ver=7.16.1","2026-09-13 10:31:49"
"https://heartlandk9s.org/wp-content/plugins/cookie-notice-and-consent-banner//js/cookiebanner-init.js?ver=1.7.14","application/x-javascript","200","OK","Indexable","","","0","0","","0","0","","0","0","","0","","0","","0","","0","","0","","","","","","","","","","312","312","312","0.046","","0","","","","","0.000","1","4","","0","0","0","0.000","0","0","0","0","0","0","","","","","","0.258","Sun, 22 Mar 2026 20:07:04 GMT","","","","","1.1","","","","","","https://heartlandk9s.org/wp-content/plugins/cookie-notice-and-consent-banner//js/cookiebanner-init.js?ver=1.7.14","2026-09-13 10:31:49"
"https://heartlandk9s.org/campaigns/","text/html; charset=UTF-8","200","OK","Indexable","","CAMPAIGNS – Heartland Canines for Veterans","42","418","Hk9 Educational Coloring Book Campaign Inspiring kids. Empowering veterans. Supporting service dogs. The Heartland Kids’ Coloring & Activity Book is more th","156","985","Hk9 Educational Coloring Book Campaign  
Inspiring kids. Empowering veterans. Supporting service dogs.

The Heartland Kids’ Coloring & Activity Book is more than a fun activity book — it’s a mission-driven project designed to teach children about service dogs, honor the Veterans who rely on them, and support Heartland Canines for Veterans in","346","2116","","0","CAMPAIGNS","9","Hk9 Educational Coloring Book Campaign","38","Thank you for participating in the ""Educational Coloring Book"" Campaign!","72","Thank you for participating in the ""One of Us"" Campaign!","56","max-image-preview:large, max-snippet:-1, max-video-preview:-1","","","https://heartlandk9s.org/campaigns/","","","","","","123002","21995","21995","3.260","","930","125","7.440","70.746","Fairly Easy","4.716","1","1","","23","18","0","94.740","24","14","0","6","5","0","","","","","17bf8d0eab98e76a50e0b9266b95dd40","0.987","","","","","en-US","1.1","","","","","","https://heartlandk9s.org/campaigns/","2026-09-13 10:31:49"
"https://heartlandk9s.org/wp-content/themes/Avada/includes/lib/assets/min/js/library/swiper.js?ver=11.2.5","application/x-javascript","200","OK","Indexable","","","0","0","","0","0","","0","0","","0","","0","","0","","0","","0","","","","","","","","","","43119","43119","43119","6.390","","0","","","","","0.000","1","9","","0","0","0","0.000","0","0","0","0","0","0","","","","","","0.253","Wed, 26 Aug 2026 02:51:14 GMT","","","","","1.1","","","","","","https://heartlandk9s.org/wp-content/themes/Avada/includes/lib/assets/min/js/library/swiper.js?ver=11.2.5","2026-09-13 10:31:49"
"https://heartlandk9s.org/photos/","text/html; charset=UTF-8","200","OK","Indexable","","Photos – Heartland Canines for Veterans","39","367","Time To Work Sometimes the dogs want to train so bad they go get their own gear. Hannibal visits Arkansas Veterans Hannibal pays a visit to Arkansas during trai","160","1000","","0","0","","0","Photos","6","","0","","0","","0","max-image-preview:large, max-snippet:-1, max-video-preview:-1","","","https://heartlandk9s.org/photos/","","","","","","110732","19525","19525","2.894","","54","13","4.154","83.552","Easy","0.491","1","1","","22","18","0","94.740","88","83","0","3","3","0","","","","","9462eb7915eefca517b9e5d7056c3371","1.722","","","","","en-US","1.1","","","","","","https://heartlandk9s.org/photos/","2026-09-13 10:31:48"
"https://heartlandk9s.org/wp-content/themes/Avada/includes/lib/assets/min/js/library/modernizr.js?ver=3.3.1","application/x-javascript","200","OK","Indexable","","","0","0","","0","0","","0","0","","0","","0","","0","","0","","0","","","","","","","","","","10501","10501","10501","1.556","","0","","","","","0.000","1","9","","0","0","0","0.000","0","0","0","0","0","0","","","","","","0.257","Wed, 26 Aug 2026 02:51:14 GMT","","","","","1.1","","","","","","https://heartlandk9s.org/wp-content/themes/Avada/includes/lib/assets/min/js/library/modernizr.js?ver=3.3.1","2026-09-13 10:31:49"
"https://heartlandk9s.org/wp-content/themes/Avada/includes/lib/assets/min/js/library/jquery.sticky-kit.js?ver=1.1.2","application/x-javascript","200","OK","Indexable","","","0","0","","0","0","","0","0","","0","","0","","0","","0","","0","","","","","","","","","","2161","2161","2161","0.320","","0","","","","","0.000","1","9","","0","0","0","0.000","0","0","0","0","0","0","","","","","","0.338","Wed, 26 Aug 2026 02:51:14 GMT","","","","","1.1","","","","","","https://heartlandk9s.org/wp-content/themes/Avada/includes/lib/assets/min/js/library/jquery.sticky-kit.js?ver=1.1.2","2026-09-13 10:31:49"
"https://heartlandk9s.org/wp-content/plugins/foobox-image-lightbox/free/css/foobox.free.min.css?ver=2.8.5","text/css","200","OK","Indexable","","","0","0","","0","0","","0","0","","0","","0","","0","","0","","0","","","","","","","","","","4683","4683","4683","0.694","","0","","","","","0.000","1","5","","0","0","0","0.000","0","0","0","0","0","0","","","","","","0.093","Sat, 29 Aug 2026 03:00:20 GMT","","","","","1.1","","","","","","https://heartlandk9s.org/wp-content/plugins/foobox-image-lightbox/free/css/foobox.free.min.css?ver=2.8.5","2026-09-13 10:31:50"
"http://heartlandk9s.org/wp-content/uploads/2023/03/Heartland-BarKode-Example-300x300.png","text/html","301","Moved Permanently","Non-Indexable","Redirected","","0","0","","0","0","","0","0","","0","","0","","0","","0","","0","","","","","","","","","","795","795","795","0.118","","0","","","","","0.000","1","4","","0","0","0","0.000","0","0","0","0","0","0","","","","","","0.161","","https://heartlandk9s.org/wp-content/uploads/2023/03/Heartland-BarKode-Example-300x300.png","HTTP Redirect","","","1.1","","","","","","http://heartlandk9s.org/wp-content/uploads/2023/03/Heartland-BarKode-Example-300x300.png","2026-09-13 10:31:50"
"https://heartlandk9s.org/wp-content/themes/Avada/includes/lib/assets/min/js/general/awb-tabs-widget.js?ver=3.16.1","application/x-javascript","200","OK","Indexable","","","0","0","","0","0","","0","0","","0","","0","","0","","0","","0","","","","","","","","","","257","257","257","0.038","","0","","","","","0.000","1","9","","0","0","0","0.000","0","0","0","0","0","0","","","","","","0.240","Wed, 26 Aug 2026 02:51:14 GMT","","","","","1.1","","","","","","https://heartlandk9s.org/wp-content/themes/Avada/includes/lib/assets/min/js/general/awb-tabs-widget.js?ver=3.16.1","2026-09-13 10:31:50"
"https://heartlandk9s.org/how-it-works-veteran-consideration/","text/html; charset=UTF-8","200","OK","Indexable","","How it Works (Veteran Consideration) – Heartland Canines for Veterans","69","641","Are you a Veteran or Family Member of a Veteran considering a Service K9? You made it!  Thank you for considering HK9 for yourself, or your Veteran. This is how","160","989","Are you a Veteran or Family Member of a Veteran considering a Service K9? 

You made it! 

Thank you for considering HK9 for yourself, or your Veteran. This is how the process works:

 	Step One: Read through the ""5 Questions"" section. A service K9 is NOT for everyone. This is a lifetime commitment for the K9,","317","1874","","0","How it Works (Veteran Consideration)","36","Are you a Veteran or Family Member of a Veteran considering a Service K9?","73","","0","","0","max-image-preview:large, max-snippet:-1, max-video-preview:-1","","","https://heartlandk9s.org/how-it-works-veteran-consideration/","","","","","","82058","18681","18681","2.769","","695","107","6.495","81.802","Easy","5.164","1","1","","5","2","0","10.530","20","13","0","3","3","0","","","","","aed585a9d18cddc27cfcb33d897869a4","0.583","","","","","en-US","1.1","","","","","","https://heartlandk9s.org/how-it-works-veteran-consideration/","2026-09-13 10:31:50"
"https://heartlandk9s.org/wp-content/plugins/fusion-builder/assets/js/min/general/fusion-video.js?ver=3.16.1","application/x-javascript","200","OK","Indexable","","","0","0","","0","0","","0","0","","0","","0","","0","","0","","0","","","","","","","","","","700","700","700","0.104","","0","","","","","0.000","1","7","","0","0","0","0.000","0","0","0","0","0","0","","","","","","0.261","Wed, 26 Aug 2026 02:51:23 GMT","","","","","1.1","","","","","","https://heartlandk9s.org/wp-content/plugins/fusion-builder/assets/js/min/general/fusion-video.js?ver=3.16.1","2026-09-13 10:31:50"
"https://heartlandk9s.org/wp-content/plugins/fusion-core/js/min/avada-fusion-slider.js?ver=5.16.1","application/x-javascript","200","OK","Indexable","","","0","0","","0","0","","0","0","","0","","0","","0","","0","","0","","","","","","","","","","3929","3929","3929","0.582","","0","","","","","0.000","1","5","","0","0","0","0.000","0","0","0","0","0","0","","","","","","0.092","Wed, 26 Aug 2026 02:51:28 GMT","","","","","1.1","","","","","","https://heartlandk9s.org/wp-content/plugins/fusion-core/js/min/avada-fusion-slider.js?ver=5.16.1","2026-09-13 10:31:50"
"https://heartlandk9s.org/wp-content/themes/Avada/includes/lib/assets/min/js/library/awb-transition.js?ver=1","application/x-javascript","200","OK","Indexable","","","0","0","","0","0","","0","0","","0","","0","","0","","0","","0","","","","","","","","","","253","253","253","0.037","","0","","","","","0.000","1","9","","0","0","0","0.000","0","0","0","0","0","0","","","","","","0.266","Wed, 26 Aug 2026 02:51:14 GMT","","","","","1.1","","","","","","https://heartlandk9s.org/wp-content/themes/Avada/includes/lib/assets/min/js/library/awb-transition.js?ver=1","2026-09-13 10:31:50"
"https://heartlandk9s.org/wp-content/themes/Avada/includes/lib/assets/min/js/library/jquery.fitvids.js?ver=1.1","application/x-javascript","200","OK","Indexable","","","0","0","","0","0","","0","0","","0","","0","","0","","0","","0","","","","","","","","","","965","965","965","0.143","","0","","","","","0.000","1","9","","0","0","0","0.000","0","0","0","0","0","0","","","","","","0.248","Wed, 26 Aug 2026 02:51:14 GMT","","","","","1.1","","","","","","https://heartlandk9s.org/wp-content/themes/Avada/includes/lib/assets/min/js/library/jquery.fitvids.js?ver=1.1","2026-09-13 10:31:50"
"http://heartlandk9s.org/wp-content/uploads/2024/12/HK9-Swag-232x300.png","text/html","301","Moved Permanently","Non-Indexable","Redirected","","0","0","","0","0","","0","0","","0","","0","","0","","0","","0","","","","","","","","","","795","795","795","0.118","","0","","","","","0.000","1","4","","0","0","0","0.000","0","0","0","0","0","0","","","","","","0.154","","https://heartlandk9s.org/wp-content/uploads/2024/12/HK9-Swag-232x300.png","HTTP Redirect","","","1.1","","","","","","http://heartlandk9s.org/wp-content/uploads/2024/12/HK9-Swag-232x300.png","2026-09-13 10:31:50"
"https://heartlandk9s.org/the-service-k9-program/","text/html; charset=UTF-8","200","OK","Indexable","","The Service K9 Program – Heartland Canines for Veterans","55","521","Possible K9 Matches For the HK9 Program Possible acceptance into the program: AKC Registered Breed specific matching the needs of a selected Veteran in waiting","159","1013","Possible K9 Matches For the HK9 Program   

Possible acceptance into the program:

 	AKC Registered
 	Breed specific matching the needs of a selected Veteran in waiting
 	Passes selected temperament exam given by our trainer
 	Traceable life history
 	Between the ages of 10 weeks and 16 months (Pre-birth arrangements ARE possible)
  

Unfortunately, HK9 cannot","373","2189","","0","The Service K9 Program","22","","0","Possible K9 Matches For the HK9 Program","39","","0","max-image-preview:large, max-snippet:-1, max-video-preview:-1","","","https://heartlandk9s.org/the-service-k9-program/","","","","","","79797","17696","17696","2.623","","199","34","5.853","92.062","Very Easy","1.692","1","1","","5","2","0","10.530","18","13","0","3","3","0","","","","","37ae42155459209b34e34ee1a7ac543c","0.672","","","","","en-US","1.1","","","","","","https://heartlandk9s.org/the-service-k9-program/","2026-09-13 10:31:50"
"https://heartlandk9s.org/wp-content/themes/Avada/assets/min/js/general/avada-select.js?ver=7.16.1","application/x-javascript","200","OK","Indexable","","","0","0","","0","0","","0","0","","0","","0","","0","","0","","0","","","","","","","","","","588","588","588","0.087","","0","","","","","0.000","1","7","","0","0","0","0.000","0","0","0","0","0","0","","","","","","0.268","Wed, 26 Aug 2026 02:51:14 GMT","","","","","1.1","","","","","","https://heartlandk9s.org/wp-content/themes/Avada/assets/min/js/general/avada-select.js?ver=7.16.1","2026-09-13 10:31:50"
"https://heartlandk9s.org/wp-content/themes/Avada/includes/lib/assets/min/js/general/fusion-scroll-to-anchor.js?ver=3.16.1","application/x-javascript","200","OK","Indexable","","","0","0","","0","0","","0","0","","0","","0","","0","","0","","0","","","","","","","","","","1765","1765","1765","0.262","","0","","","","","0.000","1","9","","0","0","0","0.000","0","0","0","0","0","0","","","","","","0.086","Wed, 26 Aug 2026 02:51:14 GMT","","","","","1.1","","","","","","https://heartlandk9s.org/wp-content/themes/Avada/includes/lib/assets/min/js/general/fusion-scroll-to-anchor.js?ver=3.16.1","2026-09-13 10:31:51"
"http://heartlandk9s.org/wp-content/uploads/2025/06/1000008525-210x300.jpg","text/html","301","Moved Permanently","Non-Indexable","Redirected","","0","0","","0","0","","0","0","","0","","0","","0","","0","","0","","","","","","","","","","795","795","795","0.118","","0","","","","","0.000","1","4","","0","0","0","0.000","0","0","0","0","0","0","","","","","","0.160","","https://heartlandk9s.org/wp-content/uploads/2025/06/1000008525-210x300.jpg","HTTP Redirect","","","1.1","","","","","","http://heartlandk9s.org/wp-content/uploads/2025/06/1000008525-210x300.jpg","2026-09-13 10:31:50"
"https://heartlandk9s.org/wp-content/themes/Avada/assets/min/js/general/avada-menu.js?ver=7.16.1","application/x-javascript","200","OK","Indexable","","","0","0","","0","0","","0","0","","0","","0","","0","","0","","0","","","","","","","","","","6751","6751","6751","1.000","","0","","","","","0.000","1","7","","0","0","0","0.000","0","0","0","0","0","0","","","","","","0.262","Wed, 26 Aug 2026 02:51:14 GMT","","","","","1.1","","","","","","https://heartlandk9s.org/wp-content/themes/Avada/assets/min/js/general/avada-menu.js?ver=7.16.1","2026-09-13 10:31:50"
"http://heartlandk9s.org/wp-content/uploads/2025/06/502075699_720094960529515_6264838396365568581_n-300x194.jpg","text/html","301","Moved Permanently","Non-Indexable","Redirected","","0","0","","0","0","","0","0","","0","","0","","0","","0","","0","","","","","","","","","","795","795","795","0.118","","0","","","","","0.000","1","4","","0","0","0","0.000","0","0","0","0","0","0","","","","","","0.155","","https://heartlandk9s.org/wp-content/uploads/2025/06/502075699_720094960529515_6264838396365568581_n-300x194.jpg","HTTP Redirect","","","1.1","","","","","","http://heartlandk9s.org/wp-content/uploads/2025/06/502075699_720094960529515_6264838396365568581_n-300x194.jpg","2026-09-13 10:31:51"
"https://heartlandk9s.org/wp-content/themes/Avada/includes/lib/assets/min/js/general/awb-vertical-menu-widget.js?ver=3.16.1","application/x-javascript","200","OK","Indexable","","","0","0","","0","0","","0","0","","0","","0","","0","","0","","0","","","","","","","","","","474","474","474","0.070","","0","","","","","0.000","1","9","","0","0","0","0.000","0","0","0","0","0","0","","","","","","0.249","Wed, 26 Aug 2026 02:51:14 GMT","","","","","1.1","","","","","","https://heartlandk9s.org/wp-content/themes/Avada/includes/lib/assets/min/js/general/awb-vertical-menu-widget.js?ver=3.16.1","2026-09-13 10:31:51"
"https://heartlandk9s.org/wp-content/plugins/foobox-image-lightbox/free/js/foobox.free.min.js?ver=2.8.5","application/x-javascript","200","OK","Indexable","","","0","0","","0","0","","0","0","","0","","0","","0","","0","","0","","","","","","","","","","30347","30347","30347","4.497","","0","","","","","0.000","1","5","","0","0","0","0.000","0","0","0","0","0","0","","","","","","0.250","Sat, 29 Aug 2026 03:00:20 GMT","","","","","1.1","","","","","","https://heartlandk9s.org/wp-content/plugins/foobox-image-lightbox/free/js/foobox.free.min.js?ver=2.8.5","2026-09-13 10:31:51"
"https://heartlandk9s.org/wp-content/themes/Avada/includes/lib/assets/min/js/library/vimeoPlayer.js?ver=2.2.1","application/x-javascript","200","OK","Indexable","","","0","0","","0","0","","0","0","","0","","0","","0","","0","","0","","","","","","","","","","11486","11486","11486","1.702","","0","","","","","0.000","1","9","","0","0","0","0.000","0","0","0","0","0","0","","","","","","0.272","Wed, 26 Aug 2026 02:51:14 GMT","","","","","1.1","","","","","","https://heartlandk9s.org/wp-content/themes/Avada/includes/lib/assets/min/js/library/vimeoPlayer.js?ver=2.2.1","2026-09-13 10:31:51"
"https://heartlandk9s.org/wp-content/themes/Avada/assets/min/js/library/awb-scrollspy.js?ver=7.16.1","application/x-javascript","200","OK","Indexable","","","0","0","","0","0","","0","0","","0","","0","","0","","0","","0","","","","","","","","","","1148","1148","1148","0.170","","0","","","","","0.000","1","7","","0","0","0","0.000","0","0","0","0","0","0","","","","","","0.254","Wed, 26 Aug 2026 02:51:14 GMT","","","","","1.1","","","","","","https://heartlandk9s.org/wp-content/themes/Avada/assets/min/js/library/awb-scrollspy.js?ver=7.16.1","2026-09-13 10:31:51"
"https://heartlandk9s.org/wp-content/themes/Avada/includes/lib/assets/min/js/general/fusion-sharing-box.js?ver=1","application/x-javascript","200","OK","Indexable","","","0","0","","0","0","","0","0","","0","","0","","0","","0","","0","","","","","","","","","","529","529","529","0.078","","0","","","","","0.000","1","9","","0","0","0","0.000","0","0","0","0","0","0","","","","","","0.267","Wed, 26 Aug 2026 02:51:14 GMT","","","","","1.1","","","","","","https://heartlandk9s.org/wp-content/themes/Avada/includes/lib/assets/min/js/general/fusion-sharing-box.js?ver=1","2026-09-13 10:31:51"
"https://heartlandk9s.org/wp-content/plugins/fusion-builder/assets/js/min/general/fusion-column-legacy.js?ver=7.1","application/x-javascript","200","OK","Indexable","","","0","0","","0","0","","0","0","","0","","0","","0","","0","","0","","","","","","","","","","438","438","438","0.065","","0","","","","","0.000","1","7","","0","0","0","0.000","0","0","0","0","0","0","","","","","","0.250","Wed, 26 Aug 2026 02:51:23 GMT","","","","","1.1","","","","","","https://heartlandk9s.org/wp-content/plugins/fusion-builder/assets/js/min/general/fusion-column-legacy.js?ver=7.1","2026-09-13 10:31:51"
"https://heartlandk9s.org/wp-content/themes/Avada/includes/lib/assets/min/js/general/fusion-flexslider.js?ver=7.1","application/x-javascript","200","OK","Indexable","","","0","0","","0","0","","0","0","","0","","0","","0","","0","","0","","","","","","","","","","1599","1599","1599","0.237","","0","","","","","0.000","1","9","","0","0","0","0.000","0","0","0","0","0","0","","","","","","0.264","Wed, 26 Aug 2026 02:51:14 GMT","","","","","1.1","","","","","","https://heartlandk9s.org/wp-content/themes/Avada/includes/lib/assets/min/js/general/fusion-flexslider.js?ver=7.1","2026-09-13 10:31:51"
"https://heartlandk9s.org/wp-content/themes/Avada/includes/lib/assets/min/js/library/cssua.js?ver=2.1.28","application/x-javascript","200","OK","Indexable","","","0","0","","0","0","","0","0","","0","","0","","0","","0","","0","","","","","","","","","","1505","1505","1505","0.223","","0","","","","","0.000","1","9","","0","0","0","0.000","0","0","0","0","0","0","","","","","","0.255","Wed, 26 Aug 2026 02:51:14 GMT","","","","","1.1","","","","","","https://heartlandk9s.org/wp-content/themes/Avada/includes/lib/assets/min/js/library/cssua.js?ver=2.1.28","2026-09-13 10:31:51"
"https://heartlandk9s.org/wp-content/themes/Avada/includes/lib/assets/min/js/library/jquery.fade.js?ver=1","application/x-javascript","200","OK","Indexable","","","0","0","","0","0","","0","0","","0","","0","","0","","0","","0","","","","","","","","","","439","439","439","0.065","","0","","","","","0.000","1","9","","0","0","0","0.000","0","0","0","0","0","0","","","","","","0.253","Wed, 26 Aug 2026 02:51:14 GMT","","","","","1.1","","","","","","https://heartlandk9s.org/wp-content/themes/Avada/includes/lib/assets/min/js/library/jquery.fade.js?ver=1","2026-09-13 10:31:51"
"https://heartlandk9s.org/wp-content/plugins/fusion-builder/assets/js/min/general/fusion-column.js?ver=3.16.1","application/x-javascript","200","OK","Indexable","","","0","0","","0","0","","0","0","","0","","0","","0","","0","","0","","","","","","","","","","453","453","453","0.067","","0","","","","","0.000","1","7","","0","0","0","0.000","0","0","0","0","0","0","","","","","","0.258","Wed, 26 Aug 2026 02:51:23 GMT","","","","","1.1","","","","","","https://heartlandk9s.org/wp-content/plugins/fusion-builder/assets/js/min/general/fusion-column.js?ver=3.16.1","2026-09-13 10:31:51"
"https://heartlandk9s.org/wp-content/themes/Avada/includes/lib/assets/min/js/library/jquery.easing.js?ver=1.3","application/x-javascript","200","OK","Indexable","","","0","0","","0","0","","0","0","","0","","0","","0","","0","","0","","","","","","","","","","756","756","756","0.112","","0","","","","","0.000","1","9","","0","0","0","0.000","0","0","0","0","0","0","","","","","","0.244","Wed, 26 Aug 2026 02:51:14 GMT","","","","","1.1","","","","","","https://heartlandk9s.org/wp-content/themes/Avada/includes/lib/assets/min/js/library/jquery.easing.js?ver=1.3","2026-09-13 10:31:51"
"https://heartlandk9s.org/wp-content/themes/Avada/assets/min/js/general/avada-header.js?ver=7.16.1","application/x-javascript","200","OK","Indexable","","","0","0","","0","0","","0","0","","0","","0","","0","","0","","0","","","","","","","","","","3961","3961","3961","0.587","","0","","","","","0.000","1","7","","0","0","0","0.000","0","0","0","0","0","0","","","","","","0.249","Wed, 26 Aug 2026 02:51:14 GMT","","","","","1.1","","","","","","https://heartlandk9s.org/wp-content/themes/Avada/assets/min/js/general/avada-header.js?ver=7.16.1","2026-09-13 10:31:51"
"https://heartlandk9s.org/contact/","text/html; charset=UTF-8","200","OK","Indexable","","Contact – Heartland Canines for Veterans","40","374","CONTACT HEARTLAND CANINES FOR VETERANS 12651 Gateway Dr Neosho MO 64850 800-913-6189 Director cell: 417-312-7484 [ccf_form id=""2132""]","133","935","CONTACT HEARTLAND CANINES FOR VETERANS     

12651 Gateway Dr
Neosho MO 64850
800-913-6189

Director cell: 417-312-7484","125","807","","0","","0","","0","CONTACT HEARTLAND CANINES FOR VETERANS","38","","0","max-image-preview:large, max-snippet:-1, max-video-preview:-1","","","https://heartlandk9s.org/contact/","","","","","","75870","16908","16908","2.506","","31","14","2.214","100.000","Very Easy","0.587","1","1","","25","18","0","94.740","16","12","0","4","3","0","","","","","7f09e095bfec4d7898989b68faf29de0","0.619","","","","","en-US","1.1","","","","","","https://heartlandk9s.org/contact/","2026-09-13 10:31:51"
"https://heartlandk9s.org/wp-content/plugins/fusion-builder/assets/js/min/library/gsap.js?ver=3.16.1","application/x-javascript","200","OK","Indexable","","","0","0","","0","0","","0","0","","0","","0","","0","","0","","0","","","","","","","","","","27247","27247","27247","4.038","","0","","","","","0.000","1","7","","0","0","0","0.000","0","0","0","0","0","0","","","","","","0.254","Wed, 26 Aug 2026 02:51:23 GMT","","","","","1.1","","","","","","https://heartlandk9s.org/wp-content/plugins/fusion-builder/assets/js/min/library/gsap.js?ver=3.16.1","2026-09-13 10:31:51"
"https://heartlandk9s.org/5-questions/","text/html; charset=UTF-8","200","OK","Indexable","","5 Questions To Ask Before Partnering With a Service Dog – Heartland Canines for Veterans","88","812","5 Questions to Ask Before Partnering With a Service Dog Before partnering with a Service Dog, there are several important points to consider. While thousands of","160","987","5 Questions to Ask Before Partnering With a Service Dog     
Before partnering with a Service Dog, there are several important points to consider. While thousands of individuals with a disability benefit greatly from partnering with a Service Dog, it’s not the solution for everyone. You must know beyond","305","1820","","0","5 Questions to Ask Before Partnering With a Service Dog","55","","0","5 Questions","11","","0","max-image-preview:large, max-snippet:-1, max-video-preview:-1","","","https://heartlandk9s.org/5-questions/","","","","","","84762","18777","18777","2.783","","439","63","6.968","74.500","Fairly Easy","3.295","1","1","","23","18","0","94.740","17","13","0","4","4","0","","","","","133a551db9e60b2f734a356cc4d52e3a","0.724","","","","","en-US","1.1","","","","","","https://heartlandk9s.org/5-questions/","2026-09-13 10:31:51"
"https://heartlandk9s.org/wp-content/themes/Avada/includes/lib/assets/min/js/library/fusion-video-general.js?ver=1","application/x-javascript","200","OK","Indexable","","","0","0","","0","0","","0","0","","0","","0","","0","","0","","0","","","","","","","","","","892","892","892","0.132","","0","","","","","0.000","1","9","","0","0","0","0.000","0","0","0","0","0","0","","","","","","0.092","Wed, 26 Aug 2026 02:51:14 GMT","","","","","1.1","","","","","","https://heartlandk9s.org/wp-content/themes/Avada/includes/lib/assets/min/js/library/fusion-video-general.js?ver=1","2026-09-13 10:31:52"
"https://heartlandk9s.org/wp-content/plugins/fusion-builder/assets/js/min/library/ScrollTrigger.js?ver=3.16.1","application/x-javascript","200","OK","Indexable","","","0","0","","0","0","","0","0","","0","","0","","0","","0","","0","","","","","","","","","","17556","17556","17556","2.602","","0","","","","","0.000","1","7","","0","0","0","0.000","0","0","0","0","0","0","","","","","","0.084","Wed, 26 Aug 2026 02:51:23 GMT","","","","","1.1","","","","","","https://heartlandk9s.org/wp-content/plugins/fusion-builder/assets/js/min/library/ScrollTrigger.js?ver=3.16.1","2026-09-13 10:31:52"
"http://heartlandk9s.org/campaigns/","text/html","301","Moved Permanently","Non-Indexable","Redirected","","0","0","","0","0","","0","0","","0","","0","","0","","0","","0","","","","","","","","","","795","795","795","0.118","","0","","","","","0.000","1","1","","3","2","0","10.530","0","0","0","0","0","0","","","","","","0.155","","https://heartlandk9s.org/campaigns/","HTTP Redirect","","","1.1","","","","","","http://heartlandk9s.org/campaigns/","2026-09-13 10:31:52"
"https://heartlandk9s.org/wp-content/themes/Avada/assets/min/js/general/avada-gravity-forms.js?ver=7.16.1","application/x-javascript","200","OK","Indexable","","","0","0","","0","0","","0","0","","0","","0","","0","","0","","0","","","","","","","","","","790","790","790","0.117","","0","","","","","0.000","1","7","","0","0","0","0.000","0","0","0","0","0","0","","","","","","0.252","Wed, 26 Aug 2026 02:51:14 GMT","","","","","1.1","","","","","","https://heartlandk9s.org/wp-content/themes/Avada/assets/min/js/general/avada-gravity-forms.js?ver=7.16.1","2026-09-13 10:31:52"
"https://heartlandk9s.org/wp-content/themes/Avada/includes/lib/assets/min/js/general/fusion-tooltip.js?ver=1","application/x-javascript","200","OK","Indexable","","","0","0","","0","0","","0","0","","0","","0","","0","","0","","0","","","","","","","","","","321","321","321","0.048","","0","","","","","0.000","1","9","","0","0","0","0.000","0","0","0","0","0","0","","","","","","0.257","Wed, 26 Aug 2026 02:51:14 GMT","","","","","1.1","","","","","","https://heartlandk9s.org/wp-content/themes/Avada/includes/lib/assets/min/js/general/fusion-tooltip.js?ver=1","2026-09-13 10:31:52"
"https://heartlandk9s.org/wp-content/themes/Avada/includes/lib/assets/min/js/library/fusion-parallax.js?ver=1","application/x-javascript","200","OK","Indexable","","","0","0","","0","0","","0","0","","0","","0","","0","","0","","0","","","","","","","","","","3040","3040","3040","0.451","","0","","","","","0.000","1","9","","0","0","0","0.000","0","0","0","0","0","0","","","","","","0.244","Wed, 26 Aug 2026 02:51:14 GMT","","","","","1.1","","","","","","https://heartlandk9s.org/wp-content/themes/Avada/includes/lib/assets/min/js/library/fusion-parallax.js?ver=1","2026-09-13 10:31:52"
"https://heartlandk9s.org/wp-content/plugins/fusion-builder/assets/js/min/general/fusion-animations.js?ver=7.1","application/x-javascript","200","OK","Indexable","","","0","0","","0","0","","0","0","","0","","0","","0","","0","","0","","","","","","","","","","856","856","856","0.127","","0","","","","","0.000","1","7","","0","0","0","0.000","0","0","0","0","0","0","","","","","","0.255","Wed, 26 Aug 2026 02:51:23 GMT","","","","","1.1","","","","","","https://heartlandk9s.org/wp-content/plugins/fusion-builder/assets/js/min/general/fusion-animations.js?ver=7.1","2026-09-13 10:31:52"
"https://heartlandk9s.org/wp-includes/js/jquery/jquery.min.js?ver=3.7.1","application/x-javascript","200","OK","Indexable","","","0","0","","0","0","","0","0","","0","","0","","0","","0","","0","","","","","","","","","","30364","30364","30364","4.500","","0","","","","","0.000","1","3","","0","0","0","0.000","0","0","0","0","0","0","","","","","","0.250","Sat, 10 Jan 2026 00:45:53 GMT","","","","","1.1","","","","","","https://heartlandk9s.org/wp-includes/js/jquery/jquery.min.js?ver=3.7.1","2026-09-13 10:31:52"
"https://heartlandk9s.org/wp-content/themes/Avada/includes/lib/assets/min/js/library/jquery.ilightbox.js?ver=2.2.3","application/x-javascript","200","OK","Indexable","","","0","0","","0","0","","0","0","","0","","0","","0","","0","","0","","","","","","","","","","25455","25455","25455","3.772","","0","","","","","0.000","1","9","","0","0","0","0.000","0","0","0","0","0","0","","","","","","0.267","Wed, 26 Aug 2026 02:51:14 GMT","","","","","1.1","","","","","","https://heartlandk9s.org/wp-content/themes/Avada/includes/lib/assets/min/js/library/jquery.ilightbox.js?ver=2.2.3","2026-09-13 10:31:52"
"https://heartlandk9s.org/wp-content/themes/Avada/includes/lib/assets/min/js/library/jquery.requestAnimationFrame.js?ver=1","application/x-javascript","200","OK","Indexable","","","0","0","","0","0","","0","0","","0","","0","","0","","0","","0","","","","","","","","","","335","335","335","0.050","","0","","","","","0.000","1","9","","0","0","0","0.000","0","0","0","0","0","0","","","","","","0.248","Wed, 26 Aug 2026 02:51:14 GMT","","","","","1.1","","","","","","https://heartlandk9s.org/wp-content/themes/Avada/includes/lib/assets/min/js/library/jquery.requestAnimationFrame.js?ver=1","2026-09-13 10:31:52"
"https://heartlandk9s.org/wp-content/uploads/2023/05/Concept-1-rocker-outlined-2-263x300.png","image/png","200","OK","Indexable","","","0","0","","0","0","","0","0","","0","","0","","0","","0","","0","","","","","","","","","","80266","80266","80266","11.895","","0","","","","","0.000","1","4","","0","0","0","0.000","0","0","0","0","0","0","","","","","","0.251","Wed, 10 May 2023 16:08:16 GMT","","","","","1.1","","","","","","https://heartlandk9s.org/wp-content/uploads/2023/05/Concept-1-rocker-outlined-2-263x300.png","2026-09-13 10:31:52"
"https://heartlandk9s.org/wp-content/themes/Avada/includes/lib/assets/min/js/general/fusion-equal-heights.js?ver=1","application/x-javascript","200","OK","Indexable","","","0","0","","0","0","","0","0","","0","","0","","0","","0","","0","","","","","","","","","","600","600","600","0.089","","0","","","","","0.000","1","9","","0","0","0","0.000","0","0","0","0","0","0","","","","","","0.264","Wed, 26 Aug 2026 02:51:14 GMT","","","","","1.1","","","","","","https://heartlandk9s.org/wp-content/themes/Avada/includes/lib/assets/min/js/general/fusion-equal-heights.js?ver=1","2026-09-13 10:31:52"
"https://heartlandk9s.org/wp-content/plugins/fusion-builder/assets/js/min/general/fusion-title.js?ver=7.1","application/x-javascript","200","OK","Indexable","","","0","0","","0","0","","0","0","","0","","0","","0","","0","","0","","","","","","","","","","3662","3662","3662","0.543","","0","","","","","0.000","1","7","","0","0","0","0.000","0","0","0","0","0","0","","","","","","0.250","Wed, 26 Aug 2026 02:51:23 GMT","","","","","1.1","","","","","","https://heartlandk9s.org/wp-content/plugins/fusion-builder/assets/js/min/general/fusion-title.js?ver=7.1","2026-09-13 10:31:52"
"https://heartlandk9s.org/wp-content/plugins/foogallery/assets/js/foogallery.ecf28626.min.js?ver=3.3.3","application/x-javascript","200","OK","Indexable","","","0","0","","0","0","","0","0","","0","","0","","0","","0","","0","","","","","","","","","","54944","54944","54944","8.143","","0","","","","","0.000","2","5","","0","0","0","0.000","0","0","0","0","0","0","","","","","","0.268","Sat, 05 Sep 2026 03:24:16 GMT","","","","","1.1","","","","","","https://heartlandk9s.org/wp-content/plugins/foogallery/assets/js/foogallery.ecf28626.min.js?ver=3.3.3","2026-09-13 10:31:52"
"https://heartlandk9s.org/hk9-current-teams-in-training/","text/html; charset=UTF-8","200","OK","Indexable","","HK9 Teams in Training – Heartland Canines for Veterans","54","508","Billy and Caddie- Caddie is a Lab, currently in her 3rd month of service training. She is being trained to block, post, watch, as well as pressure therapy. CLIC","160","947","Billy and Caddie-

Caddie is a Lab, currently in her 3rd month of service training. She is being trained to block, post, watch, as well as pressure therapy.  CLICK HERE to Donate to help Caddie and Billy     

Marilyn and Travis-

Early in their training, Travis' main focus will be alllll obedience","305","1706","","0","HK9 Teams in Training","21","","0","","0","","0","max-image-preview:large, max-snippet:-1, max-video-preview:-1","","","https://heartlandk9s.org/hk9-current-teams-in-training/","","","","","","81387","17388","17388","2.577","","94","18","5.222","97.134","Very Easy","0.968","1","1","","5","2","0","10.530","19","13","0","3","3","0","","","","","657c3930ef466092fbb4c13a33ad3820","0.677","","","","","en-US","1.1","","","","","","https://heartlandk9s.org/hk9-current-teams-in-training/","2026-09-13 10:31:52"
"https://heartlandk9s.org/wp-content/uploads/cache/2023/05/jack/2875401014.jpg","image/jpeg","200","OK","Indexable","","","0","0","","0","0","","0","0","","0","","0","","0","","0","","0","","","","","","","","","","11660","11660","11660","1.728","","0","","","","","0.000","2","6","","0","0","0","0.000","0","0","0","0","0","0","","","","","","0.255","Tue, 04 Jul 2023 16:03:53 GMT","","","","","1.1","","","","","","https://heartlandk9s.org/wp-content/uploads/cache/2023/05/jack/2875401014.jpg","2026-09-13 10:31:53"
"https://heartlandk9s.org/wp-content/uploads/cache/2023/05/OIP/2995043690.jpg","image/jpeg","200","OK","Indexable","","","0","0","","0","0","","0","0","","0","","0","","0","","0","","0","","","","","","","","","","13480","13480","13480","1.998","","0","","","","","0.000","2","6","","0","0","0","0.000","0","0","0","0","0","0","","","","","","0.256","Tue, 04 Jul 2023 16:03:53 GMT","","","","","1.1","","","","","","https://heartlandk9s.org/wp-content/uploads/cache/2023/05/OIP/2995043690.jpg","2026-09-13 10:31:53"
"https://heartlandk9s.org/wp-content/uploads/2023/05/OIP.jpg","image/jpeg","200","OK","Indexable","","","0","0","","0","0","","0","0","","0","","0","","0","","0","","0","","","","","","","","","","19656","19656","19656","2.913","","0","","","","","0.000","2","4","","1","1","0","5.260","0","0","0","0","0","0","","","","","","0.088","Wed, 10 May 2023 14:04:48 GMT","","","","","1.1","","","","","","https://heartlandk9s.org/wp-content/uploads/2023/05/OIP.jpg","2026-09-13 10:31:53"
"https://heartlandk9s.org/our-highlighted-team/","text/html; charset=UTF-8","200","OK","Indexable","","Our Highlighted Team – Heartland Canines for Veterans","53","500","Billy and Service K9 (In Training) Caddie Billy is an Army Veteran. He is partnered with Caddie, a 1 year old black lab. Caddie is training in ""block"" ""post"" an","160","934","Billy and Service K9 (In Training) Caddie    

Billy is an Army Veteran. He is partnered with Caddie, a 1 year old black lab. Caddie is training in ""block"" ""post"" and ""watch"" and other skill sets related to PTS and anxiety.","225","1279","","0","Our Highlighted Team","20","Billy and Service K9 (In Training) Caddie","41","","0","","0","max-image-preview:large, max-snippet:-1, max-video-preview:-1","","","https://heartlandk9s.org/our-highlighted-team/","","","","","","77106","17103","17103","2.535","","58","13","4.462","97.286","Very Easy","0.765","1","1","","5","2","0","10.530","17","13","0","3","3","0","","","","","848e400af9319408f8132dd15c776cb5","0.711","","","","","en-US","1.1","","","","","","https://heartlandk9s.org/our-highlighted-team/","2026-09-13 10:31:52"
"https://heartlandk9s.org/wp-content/uploads/cache/2020/02/aliceCBD_logo-1/4007148373.jpg","image/jpeg","200","OK","Indexable","","","0","0","","0","0","","0","0","","0","","0","","0","","0","","0","","","","","","","","","","31670","31670","31670","4.693","","0","","","","","0.000","2","6","","0","0","0","0.000","0","0","0","0","0","0","","","","","","0.276","Tue, 04 Jul 2023 16:03:53 GMT","","","","","1.1","","","","","","https://heartlandk9s.org/wp-content/uploads/cache/2020/02/aliceCBD_logo-1/4007148373.jpg","2026-09-13 10:31:53"
"https://heartlandk9s.org/wp-content/uploads/cache/2020/02/Joplin_Main_X-1024x934-1/2165434795.webp","image/webp","200","OK","Indexable","","","0","0","","0","0","","0","0","","0","","0","","0","","0","","0","","","","","","","","","","21104","21104","21104","3.128","","0","","","","","0.000","2","6","","0","0","0","0.000","0","0","0","0","0","0","","","","","","0.081","Mon, 16 Jun 2025 23:45:42 GMT","","","","","1.1","","","","","","https://heartlandk9s.org/wp-content/uploads/cache/2020/02/Joplin_Main_X-1024x934-1/2165434795.webp","2026-09-13 10:31:53"
"https://heartlandk9s.org/wp-content/uploads/2020/02/cupojoe.jpg","image/jpeg","200","OK","Indexable","","","0","0","","0","0","","0","0","","0","","0","","0","","0","","0","","","","","","","","","","100100","100100","100100","14.835","","0","","","","","0.000","2","4","","1","1","0","5.260","0","0","0","0","0","0","","","","","","0.260","Tue, 04 Jul 2023 16:00:37 GMT","","","","","1.1","","","","","","https://heartlandk9s.org/wp-content/uploads/2020/02/cupojoe.jpg","2026-09-13 10:31:53"
"https://heartlandk9s.org/wp-content/uploads/2020/02/BENNETT-MODIFIED-Vertical-V2-color285.jpg","image/jpeg","200","OK","Indexable","","","0","0","","0","0","","0","0","","0","","0","","0","","0","","0","","","","","","","","","","674567","674567","674567","99.971","","0","","","","","0.000","2","4","","1","1","0","5.260","0","0","0","0","0","0","","","","","","0.246","Tue, 04 Jul 2023 16:00:08 GMT","","","","","1.1","","","","","","https://heartlandk9s.org/wp-content/uploads/2020/02/BENNETT-MODIFIED-Vertical-V2-color285.jpg","2026-09-13 10:31:53"
"https://heartlandk9s.org/wp-content/uploads/2020/02/VFW-Logo.jpg","image/jpeg","200","OK","Indexable","","","0","0","","0","0","","0","0","","0","","0","","0","","0","","0","","","","","","","","","","19223","19223","19223","2.849","","0","","","","","0.000","2","4","","1","1","0","5.260","0","0","0","0","0","0","","","","","","0.241","Thu, 06 Feb 2020 21:38:36 GMT","","","","","1.1","","","","","","https://heartlandk9s.org/wp-content/uploads/2020/02/VFW-Logo.jpg","2026-09-13 10:31:53"
"https://heartlandk9s.org/wp-content/plugins/foogallery/assets/css/foogallery.90fd1da5.min.css?ver=3.3.3","text/css","200","OK","Indexable","","","0","0","","0","0","","0","0","","0","","0","","0","","0","","0","","","","","","","","","","20727","20727","20727","3.072","","0","","","","","0.000","2","5","","0","0","0","0.000","0","0","0","0","0","0","","","","","","0.253","Sat, 05 Sep 2026 03:24:16 GMT","","","","","1.1","","","","","","https://heartlandk9s.org/wp-content/plugins/foogallery/assets/css/foogallery.90fd1da5.min.css?ver=3.3.3","2026-09-13 10:31:53"
"https://heartlandk9s.org/wp-content/uploads/cache/2020/02/trademarklogopoodleonly/4036962692.jpg","image/jpeg","200","OK","Indexable","","","0","0","","0","0","","0","0","","0","","0","","0","","0","","0","","","","","","","","","","17515","17515","17515","2.596","","0","","","","","0.000","2","6","","0","0","0","0.000","0","0","0","0","0","0","","","","","","0.243","Thu, 02 Mar 2023 12:11:04 GMT","","","","","1.1","","","","","","https://heartlandk9s.org/wp-content/uploads/cache/2020/02/trademarklogopoodleonly/4036962692.jpg","2026-09-13 10:31:53"
"https://heartlandk9s.org/wp-content/uploads/2020/02/366902803_121841830998837_7639201652951336683_n.jpg","image/jpeg","200","OK","Indexable","","","0","0","","0","0","","0","0","","0","","0","","0","","0","","0","","","","","","","","","","88834","88834","88834","13.165","","0","","","","","0.000","2","4","","1","1","0","5.260","0","0","0","0","0","0","","","","","","0.254","Mon, 16 Jun 2025 20:42:32 GMT","","","","","1.1","","","","","","https://heartlandk9s.org/wp-content/uploads/2020/02/366902803_121841830998837_7639201652951336683_n.jpg","2026-09-13 10:31:53"
"https://heartlandk9s.org/wp-content/uploads/2020/02/Compton-CPA-Group-P.C.png","image/png","200","OK","Indexable","","","0","0","","0","0","","0","0","","0","","0","","0","","0","","0","","","","","","","","","","80425","80425","80425","11.919","","0","","","","","0.000","2","4","","1","1","0","5.260","0","0","0","0","0","0","","","","","","0.256","Mon, 16 Jun 2025 20:44:14 GMT","","","","","1.1","","","","","","https://heartlandk9s.org/wp-content/uploads/2020/02/Compton-CPA-Group-P.C.png","2026-09-13 10:31:53"
"https://heartlandk9s.org/wp-content/uploads/2020/02/293429547_163411172920894_3757616234711033360_n.jpg","image/jpeg","200","OK","Indexable","","","0","0","","0","0","","0","0","","0","","0","","0","","0","","0","","","","","","","","","","43415","43415","43415","6.434","","0","","","","","0.000","2","4","","1","1","0","5.260","0","0","0","0","0","0","","","","","","0.252","Mon, 19 Dec 2022 19:48:14 GMT","","","","","1.1","","","","","","https://heartlandk9s.org/wp-content/uploads/2020/02/293429547_163411172920894_3757616234711033360_n.jpg","2026-09-13 10:31:53"
"https://heartlandk9s.org/wp-content/uploads/cache/2020/02/Petland-Logo-Orange-With-Tag/2987511972.jpg","image/jpeg","200","OK","Indexable","","","0","0","","0","0","","0","0","","0","","0","","0","","0","","0","","","","","","","","","","16330","16330","16330","2.420","","0","","","","","0.000","2","6","","0","0","0","0.000","0","0","0","0","0","0","","","","","","0.244","Thu, 02 Mar 2023 12:11:03 GMT","","","","","1.1","","","","","","https://heartlandk9s.org/wp-content/uploads/cache/2020/02/Petland-Logo-Orange-With-Tag/2987511972.jpg","2026-09-13 10:31:53"
"https://heartlandk9s.org/wp-content/uploads/cache/2020/02/BENNETT-MODIFIED-Vertical-V2-color285/2576496478.jpg","image/jpeg","200","OK","Indexable","","","0","0","","0","0","","0","0","","0","","0","","0","","0","","0","","","","","","","","","","45065","45065","45065","6.679","","0","","","","","0.000","2","6","","0","0","0","0.000","0","0","0","0","0","0","","","","","","0.267","Tue, 04 Jul 2023 16:03:53 GMT","","","","","1.1","","","","","","https://heartlandk9s.org/wp-content/uploads/cache/2020/02/BENNETT-MODIFIED-Vertical-V2-color285/2576496478.jpg","2026-09-13 10:31:53"
"https://heartlandk9s.org/wp-content/uploads/cache/2020/02/366902803_121841830998837_7639201652951336683_n/3910734919.jpg","image/jpeg","200","OK","Indexable","","","0","0","","0","0","","0","0","","0","","0","","0","","0","","0","","","","","","","","","","16842","16842","16842","2.496","","0","","","","","0.000","2","6","","0","0","0","0.000","0","0","0","0","0","0","","","","","","0.258","Mon, 16 Jun 2025 23:45:41 GMT","","","","","1.1","","","","","","https://heartlandk9s.org/wp-content/uploads/cache/2020/02/366902803_121841830998837_7639201652951336683_n/3910734919.jpg","2026-09-13 10:31:53"
"https://heartlandk9s.org/wp-content/uploads/2020/02/Joplin_Main_X-1024x934-1.webp","image/webp","200","OK","Indexable","","","0","0","","0","0","","0","0","","0","","0","","0","","0","","0","","","","","","","","","","89324","89324","89324","13.238","","0","","","","","0.000","2","4","","1","1","0","5.260","0","0","0","0","0","0","","","","","","0.269","Mon, 16 Jun 2025 20:43:14 GMT","","","","","1.1","","","","","","https://heartlandk9s.org/wp-content/uploads/2020/02/Joplin_Main_X-1024x934-1.webp","2026-09-13 10:31:53"
"https://heartlandk9s.org/wp-content/plugins/fusion-builder/assets/js/min/general/fusion-animations.js?ver=3.16.1","application/x-javascript","200","OK","Indexable","","","0","0","","0","0","","0","0","","0","","0","","0","","0","","0","","","","","","","","","","856","856","856","0.127","","0","","","","","0.000","2","7","","0","0","0","0.000","0","0","0","0","0","0","","","","","","0.257","Wed, 26 Aug 2026 02:51:23 GMT","","","","","1.1","","","","","","https://heartlandk9s.org/wp-content/plugins/fusion-builder/assets/js/min/general/fusion-animations.js?ver=3.16.1","2026-09-13 10:31:53"
"https://heartlandk9s.org/wp-content/uploads/fusion-styles/36707ae3d09f88239e89b30938b5361c.min.css?ver=3.16.1","text/css","200","OK","Indexable","","","0","0","","0","0","","0","0","","0","","0","","0","","0","","0","","","","","","","","","","0","0","0","0.000","","0","","","","","0.000","2","3","","0","0","0","0.000","0","0","0","0","0","0","","","","","","0.255","Wed, 26 Aug 2026 19:16:41 GMT","","","","","1.1","","","","","","https://heartlandk9s.org/wp-content/uploads/fusion-styles/36707ae3d09f88239e89b30938b5361c.min.css?ver=3.16.1","2026-09-13 10:31:53"
"https://heartlandk9s.org/wp-content/uploads/2020/02/trademarklogopoodleonly.jpg","image/jpeg","200","OK","Indexable","","","0","0","","0","0","","0","0","","0","","0","","0","","0","","0","","","","","","","","","","22429","22429","22429","3.324","","0","","","","","0.000","2","4","","1","1","0","5.260","0","0","0","0","0","0","","","","","","0.253","Thu, 06 Feb 2020 21:38:36 GMT","","","","","1.1","","","","","","https://heartlandk9s.org/wp-content/uploads/2020/02/trademarklogopoodleonly.jpg","2026-09-13 10:31:54"
"https://heartlandk9s.org/wp-content/plugins/foogallery/assets/js/foogallery.ready.5f287227.min.js?ver=3.3.3","application/x-javascript","200","OK","Indexable","","","0","0","","0","0","","0","0","","0","","0","","0","","0","","0","","","","","","","","","","942","942","942","0.140","","0","","","","","0.000","2","5","","0","0","0","0.000","0","0","0","0","0","0","","","","","","0.260","Sat, 05 Sep 2026 03:24:16 GMT","","","","","1.1","","","","","","https://heartlandk9s.org/wp-content/plugins/foogallery/assets/js/foogallery.ready.5f287227.min.js?ver=3.3.3","2026-09-13 10:31:54"
"https://heartlandk9s.org/wp-content/uploads/cache/2020/02/Compton-CPA-Group-P_C/2264370493.png","image/png","200","OK","Indexable","","","0","0","","0","0","","0","0","","0","","0","","0","","0","","0","","","","","","","","","","7285","7285","7285","1.080","","0","","","","","0.000","2","6","","0","0","0","0.000","0","0","0","0","0","0","","","","","","0.251","Mon, 16 Jun 2025 23:45:44 GMT","","","","","1.1","","","","","","https://heartlandk9s.org/wp-content/uploads/cache/2020/02/Compton-CPA-Group-P_C/2264370493.png","2026-09-13 10:31:54"
"https://heartlandk9s.org/wp-content/uploads/2020/02/Petland-Logo-Orange-With-Tag.jpg","image/jpeg","200","OK","Indexable","","","0","0","","0","0","","0","0","","0","","0","","0","","0","","0","","","","","","","","","","18177","18177","18177","2.694","","0","","","","","0.000","2","4","","1","1","0","5.260","0","0","0","0","0","0","","","","","","0.249","Thu, 06 Feb 2020 21:38:41 GMT","","","","","1.1","","","","","","https://heartlandk9s.org/wp-content/uploads/2020/02/Petland-Logo-Orange-With-Tag.jpg","2026-09-13 10:31:54"
"https://heartlandk9s.org/wp-content/uploads/cache/2020/02/293429547_163411172920894_3757616234711033360_n/3352392971.jpg","image/jpeg","200","OK","Indexable","","","0","0","","0","0","","0","0","","0","","0","","0","","0","","0","","","","","","","","","","10020","10020","10020","1.485","","0","","","","","0.000","2","6","","0","0","0","0.000","0","0","0","0","0","0","","","","","","0.257","Thu, 02 Mar 2023 12:11:03 GMT","","","","","1.1","","","","","","https://heartlandk9s.org/wp-content/uploads/cache/2020/02/293429547_163411172920894_3757616234711033360_n/3352392971.jpg","2026-09-13 10:31:54"
"https://heartlandk9s.org/wp-content/uploads/2020/02/new-pinnacle.jpg","image/jpeg","200","OK","Indexable","","","0","0","","0","0","","0","0","","0","","0","","0","","0","","0","","","","","","","","","","11351","11351","11351","1.682","","0","","","","","0.000","2","4","","1","1","0","5.260","0","0","0","0","0","0","","","","","","0.268","Thu, 06 Feb 2020 21:38:41 GMT","","","","","1.1","","","","","","https://heartlandk9s.org/wp-content/uploads/2020/02/new-pinnacle.jpg","2026-09-13 10:31:54"
"https://heartlandk9s.org/wp-content/uploads/2020/02/aliceCBD_logo-1.jpg","image/jpeg","200","OK","Indexable","","","0","0","","0","0","","0","0","","0","","0","","0","","0","","0","","","","","","","","","","72944","72944","72944","10.810","","0","","","","","0.000","2","4","","1","1","0","5.260","0","0","0","0","0","0","","","","","","0.260","Tue, 04 Jul 2023 16:01:45 GMT","","","","","1.1","","","","","","https://heartlandk9s.org/wp-content/uploads/2020/02/aliceCBD_logo-1.jpg","2026-09-13 10:31:54"
"https://heartlandk9s.org/wp-content/uploads/cache/2020/02/cupojoe/539339213.jpg","image/jpeg","200","OK","Indexable","","","0","0","","0","0","","0","0","","0","","0","","0","","0","","0","","","","","","","","","","12468","12468","12468","1.848","","0","","","","","0.000","2","6","","0","0","0","0.000","0","0","0","0","0","0","","","","","","0.281","Tue, 04 Jul 2023 16:03:54 GMT","","","","","1.1","","","","","","https://heartlandk9s.org/wp-content/uploads/cache/2020/02/cupojoe/539339213.jpg","2026-09-13 10:31:54"
"https://heartlandk9s.org/wp-content/uploads/cache/2020/02/VFW-Logo/1434541524.jpg","image/jpeg","200","OK","Indexable","","","0","0","","0","0","","0","0","","0","","0","","0","","0","","0","","","","","","","","","","15585","15585","15585","2.310","","0","","","","","0.000","2","6","","0","0","0","0.000","0","0","0","0","0","0","","","","","","0.257","Thu, 02 Mar 2023 12:11:04 GMT","","","","","1.1","","","","","","https://heartlandk9s.org/wp-content/uploads/cache/2020/02/VFW-Logo/1434541524.jpg","2026-09-13 10:31:54"
"https://heartlandk9s.org/wp-content/uploads/2023/05/jack.jpg","image/jpeg","200","OK","Indexable","","","0","0","","0","0","","0","0","","0","","0","","0","","0","","0","","","","","","","","","","28102","28102","28102","4.165","","0","","","","","0.000","2","4","","1","1","0","5.260","0","0","0","0","0","0","","","","","","0.256","Wed, 10 May 2023 14:23:09 GMT","","","","","1.1","","","","","","https://heartlandk9s.org/wp-content/uploads/2023/05/jack.jpg","2026-09-13 10:31:54"
"http://heartlandk9s.org/wp-content/uploads/2026/01/aRSaNzP6RkRDw9gvqs04NgnM0X41658926928464_200x200.png","text/html","301","Moved Permanently","Non-Indexable","Redirected","","0","0","","0","0","","0","0","","0","","0","","0","","0","","0","","","","","","","","","","795","795","795","0.118","","0","","","","","0.000","2","4","","0","0","0","0.000","0","0","0","0","0","0","","","","","","0.170","","https://heartlandk9s.org/wp-content/uploads/2026/01/aRSaNzP6RkRDw9gvqs04NgnM0X41658926928464_200x200.png","HTTP Redirect","","","1.1","","","","","","http://heartlandk9s.org/wp-content/uploads/2026/01/aRSaNzP6RkRDw9gvqs04NgnM0X41658926928464_200x200.png","2026-09-13 10:31:54"
"http://heartlandk9s.org/wp-content/uploads/2026/01/amazon-300x158.png","text/html","301","Moved Permanently","Non-Indexable","Redirected","","0","0","","0","0","","0","0","","0","","0","","0","","0","","0","","","","","","","","","","795","795","795","0.118","","0","","","","","0.000","2","4","","0","0","0","0.000","0","0","0","0","0","0","","","","","","0.157","","https://heartlandk9s.org/wp-content/uploads/2026/01/amazon-300x158.png","HTTP Redirect","","","1.1","","","","","","http://heartlandk9s.org/wp-content/uploads/2026/01/amazon-300x158.png","2026-09-13 10:31:54"
"https://heartlandk9s.org/wp-content/uploads/cache/2020/02/new-pinnacle/3720556105.jpg","image/jpeg","200","OK","Indexable","","","0","0","","0","0","","0","0","","0","","0","","0","","0","","0","","","","","","","","","","7578","7578","7578","1.123","","0","","","","","0.000","2","6","","0","0","0","0.000","0","0","0","0","0","0","","","","","","0.250","Thu, 02 Mar 2023 12:11:03 GMT","","","","","1.1","","","","","","https://heartlandk9s.org/wp-content/uploads/cache/2020/02/new-pinnacle/3720556105.jpg","2026-09-13 10:31:54"
"https://heartlandk9s.org/wp-content/uploads/2025/06/DSC0259-300x200.jpeg","image/jpeg","200","OK","Indexable","","","0","0","","0","0","","0","0","","0","","0","","0","","0","","0","","","","","","","","","","99489","99489","99489","14.744","","0","","","","","0.000","2","4","","0","0","0","0.000","0","0","0","0","0","0","","","","","","0.250","Mon, 16 Jun 2025 20:47:52 GMT","","","","","1.1","","","","","","https://heartlandk9s.org/wp-content/uploads/2025/06/DSC0259-300x200.jpeg","2026-09-13 10:31:54"
"http://heartlandk9s.org/wp-content/uploads/2026/05/were-back-2-232x300.png","text/html","301","Moved Permanently","Non-Indexable","Redirected","","0","0","","0","0","","0","0","","0","","0","","0","","0","","0","","","","","","","","","","795","795","795","0.118","","0","","","","","0.000","2","4","","0","0","0","0.000","0","0","0","0","0","0","","","","","","0.152","","https://heartlandk9s.org/wp-content/uploads/2026/05/were-back-2-232x300.png","HTTP Redirect","","","1.1","","","","","","http://heartlandk9s.org/wp-content/uploads/2026/05/were-back-2-232x300.png","2026-09-13 10:31:54"
"https://heartlandk9s.org/wp-content/uploads/fusion-styles/0771b48214ddf5e89cbd1cd355d4a5e2.min.css?ver=3.16.1","text/css","200","OK","Indexable","","","0","0","","0","0","","0","0","","0","","0","","0","","0","","0","","","","","","","","","","0","0","0","0.000","","0","","","","","0.000","2","3","","0","0","0","0.000","0","0","0","0","0","0","","","","","","0.232","Thu, 27 Aug 2026 22:03:04 GMT","","","","","1.1","","","","","","https://heartlandk9s.org/wp-content/uploads/fusion-styles/0771b48214ddf5e89cbd1cd355d4a5e2.min.css?ver=3.16.1","2026-09-13 10:31:54"
"https://heartlandk9s.org/wp-content/uploads/2025/06/Train-gym-300x225.jpg","image/jpeg","200","OK","Indexable","","","0","0","","0","0","","0","0","","0","","0","","0","","0","","0","","","","","","","","","","18560","18560","18560","2.751","","0","","","","","0.000","2","4","","0","0","0","0.000","0","0","0","0","0","0","","","","","","0.241","Mon, 16 Jun 2025 20:49:15 GMT","","","","","1.1","","","","","","https://heartlandk9s.org/wp-content/uploads/2025/06/Train-gym-300x225.jpg","2026-09-13 10:31:55"
"http://heartlandk9s.org/wp-content/uploads/2022/12/vet-parade-300x166.jpg","text/html","301","Moved Permanently","Non-Indexable","Redirected","","0","0","","0","0","","0","0","","0","","0","","0","","0","","0","","","","","","","","","","795","795","795","0.118","","0","","","","","0.000","2","4","","0","0","0","0.000","0","0","0","0","0","0","","","","","","0.162","","https://heartlandk9s.org/wp-content/uploads/2022/12/vet-parade-300x166.jpg","HTTP Redirect","","","1.1","","","","","","http://heartlandk9s.org/wp-content/uploads/2022/12/vet-parade-300x166.jpg","2026-09-13 10:31:55"
"http://heartlandk9s.org/wp-content/uploads/2022/12/20221216_152112-300x169.jpg","text/html","301","Moved Permanently","Non-Indexable","Redirected","","0","0","","0","0","","0","0","","0","","0","","0","","0","","0","","","","","","","","","","795","795","795","0.118","","0","","","","","0.000","2","4","","0","0","0","0.000","0","0","0","0","0","0","","","","","","0.155","","https://heartlandk9s.org/wp-content/uploads/2022/12/20221216_152112-300x169.jpg","HTTP Redirect","","","1.1","","","","","","http://heartlandk9s.org/wp-content/uploads/2022/12/20221216_152112-300x169.jpg","2026-09-13 10:31:55"
"http://heartlandk9s.org/5-questions/","text/html","301","Moved Permanently","Non-Indexable","Redirected","","0","0","","0","0","","0","0","","0","","0","","0","","0","","0","","","","","","","","","","795","795","795","0.118","","0","","","","","0.000","2","1","","1","1","0","5.260","0","0","0","0","0","0","","","","","","0.289","","https://heartlandk9s.org/5-questions/","HTTP Redirect","","","1.1","","","","","","http://heartlandk9s.org/5-questions/","2026-09-13 10:31:55"
"http://heartlandk9s.org/wp-content/uploads/2025/11/Heartland-BarKode-with-SM-300x300.png","text/html","301","Moved Permanently","Non-Indexable","Redirected","","0","0","","0","0","","0","0","","0","","0","","0","","0","","0","","","","","","","","","","795","795","795","0.118","","0","","","","","0.000","2","4","","0","0","0","0.000","0","0","0","0","0","0","","","","","","0.297","","https://heartlandk9s.org/wp-content/uploads/2025/11/Heartland-BarKode-with-SM-300x300.png","HTTP Redirect","","","1.1","","","","","","http://heartlandk9s.org/wp-content/uploads/2025/11/Heartland-BarKode-with-SM-300x300.png","2026-09-13 10:31:55"
"https://heartlandk9s.org/wp-content/uploads/fusion-styles/2fdb724bd7be6b0f00006e47410b0fe1.min.css?ver=3.16.1","text/css","200","OK","Indexable","","","0","0","","0","0","","0","0","","0","","0","","0","","0","","0","","","","","","","","","","0","0","0","0.000","","0","","","","","0.000","2","3","","0","0","0","0.000","0","0","0","0","0","0","","","","","","0.472","Wed, 26 Aug 2026 19:11:12 GMT","","","","","1.1","","","","","","https://heartlandk9s.org/wp-content/uploads/fusion-styles/2fdb724bd7be6b0f00006e47410b0fe1.min.css?ver=3.16.1","2026-09-13 10:31:55"
"http://heartlandk9s.org/wp-content/uploads/2026/04/LINKS-300x300.jpg","text/html","301","Moved Permanently","Non-Indexable","Redirected","","0","0","","0","0","","0","0","","0","","0","","0","","0","","0","","","","","","","","","","795","795","795","0.118","","0","","","","","0.000","2","4","","0","0","0","0.000","0","0","0","0","0","0","","","","","","0.153","","https://heartlandk9s.org/wp-content/uploads/2026/04/LINKS-300x300.jpg","HTTP Redirect","","","1.1","","","","","","http://heartlandk9s.org/wp-content/uploads/2026/04/LINKS-300x300.jpg","2026-09-13 10:31:55"
"https://heartlandk9s.org/meet-the-team/","text/html; charset=UTF-8","200","OK","Indexable","","Meet the Team – Heartland Canines for Veterans","46","441","Executive Director & Service Dog Trainer Jimmy Burgess Email: director@heartlandk9s.org Jimmy joined the HK9 Team in November of 2022. A disabled Veteran, h","156","1000","Executive Director & Service Dog Trainer

Jimmy Burgess

Email: director@heartlandk9s.org

Jimmy joined the HK9 Team in November of 2022. A disabled Veteran, he shares a passion for the HK9 mission. Jimmy is married and has two boys, Ethan, 22, who lives in the Joplin area and Ryne, 20, who is currently serving in the United States Marine","346","2107","","0","Meet the Team","13","","0","","0","","0","max-image-preview:large, max-snippet:-1, max-video-preview:-1","","","https://heartlandk9s.org/meet-the-team/","","","","","","125602","23251","23251","3.446","","1200","192","6.250","66.823","Normal","6.042","2","1","","4","1","0","5.260","17","13","0","3","3","0","","","","","c91b73821c4a214e0fcd38eac27498e4","0.934","","","","","en-US","1.1","","","","","","https://heartlandk9s.org/meet-the-team/","2026-09-13 10:31:54"
"https://heartlandk9s.org/author/hk9director/","text/html; charset=UTF-8","301","Moved Permanently","Non-Indexable","Redirected","","0","0","","0","0","","0","0","","0","","0","","0","","0","","0","","","","","","","","","","0","0","0","0.000","","0","","","","","0.000","2","2","","8","8","0","42.110","0","0","0","0","0","0","","","","","","0.589","","https://heartlandk9s.org/","HTTP Redirect","","","1.1","","","","","","https://heartlandk9s.org/author/hk9director/","2026-09-13 10:31:55"
"http://heartlandk9s.org/wp-content/uploads/2020/01/vet-with-dog.jpg","text/html","301","Moved Permanently","Non-Indexable","Redirected","","0","0","","0","0","","0","0","","0","","0","","0","","0","","0","","","","","","","","","","795","795","795","0.118","","0","","","","","0.000","2","4","","0","0","0","0.000","0","0","0","0","0","0","","","","","","0.166","","https://heartlandk9s.org/wp-content/uploads/2020/01/vet-with-dog.jpg","HTTP Redirect","","","1.1","","","","","","http://heartlandk9s.org/wp-content/uploads/2020/01/vet-with-dog.jpg","2026-09-13 10:31:56"
"http://heartlandk9s.org/wp-content/uploads/2020/01/k9-3-circle.png","text/html","301","Moved Permanently","Non-Indexable","Redirected","","0","0","","0","0","","0","0","","0","","0","","0","","0","","0","","","","","","","","","","795","795","795","0.118","","0","","","","","0.000","2","4","","0","0","0","0.000","0","0","0","0","0","0","","","","","","0.160","","https://heartlandk9s.org/wp-content/uploads/2020/01/k9-3-circle.png","HTTP Redirect","","","1.1","","","","","","http://heartlandk9s.org/wp-content/uploads/2020/01/k9-3-circle.png","2026-09-13 10:31:56"
"http://heartlandk9s.org/wp-content/uploads/2023/05/OIP-300x261.jpg","text/html","301","Moved Permanently","Non-Indexable","Redirected","","0","0","","0","0","","0","0","","0","","0","","0","","0","","0","","","","","","","","","","795","795","795","0.118","","0","","","","","0.000","2","4","","0","0","0","0.000","0","0","0","0","0","0","","","","","","0.166","","https://heartlandk9s.org/wp-content/uploads/2023/05/OIP-300x261.jpg","HTTP Redirect","","","1.1","","","","","","http://heartlandk9s.org/wp-content/uploads/2023/05/OIP-300x261.jpg","2026-09-13 10:31:56"
"http://heartlandk9s.org/wp-content/uploads/2022/12/buds-300x225.jpg","text/html","301","Moved Permanently","Non-Indexable","Redirected","","0","0","","0","0","","0","0","","0","","0","","0","","0","","0","","","","","","","","","","795","795","795","0.118","","0","","","","","0.000","2","4","","0","0","0","0.000","0","0","0","0","0","0","","","","","","0.165","","https://heartlandk9s.org/wp-content/uploads/2022/12/buds-300x225.jpg","HTTP Redirect","","","1.1","","","","","","http://heartlandk9s.org/wp-content/uploads/2022/12/buds-300x225.jpg","2026-09-13 10:31:56"
"http://heartlandk9s.org/wp-content/uploads/2023/05/jack-300x61.jpg","text/html","301","Moved Permanently","Non-Indexable","Redirected","","0","0","","0","0","","0","0","","0","","0","","0","","0","","0","","","","","","","","","","795","795","795","0.118","","0","","","","","0.000","2","4","","0","0","0","0.000","0","0","0","0","0","0","","","","","","0.164","","https://heartlandk9s.org/wp-content/uploads/2023/05/jack-300x61.jpg","HTTP Redirect","","","1.1","","","","","","http://heartlandk9s.org/wp-content/uploads/2023/05/jack-300x61.jpg","2026-09-13 10:31:56"
"http://heartlandk9s.org/wp-content/uploads/2023/03/313208610_628616078900677_690632272984197173_n-300x300.jpg","text/html","301","Moved Permanently","Non-Indexable","Redirected","","0","0","","0","0","","0","0","","0","","0","","0","","0","","0","","","","","","","","","","795","795","795","0.118","","0","","","","","0.000","2","4","","0","0","0","0.000","0","0","0","0","0","0","","","","","","0.158","","https://heartlandk9s.org/wp-content/uploads/2023/03/313208610_628616078900677_690632272984197173_n-300x300.jpg","HTTP Redirect","","","1.1","","","","","","http://heartlandk9s.org/wp-content/uploads/2023/03/313208610_628616078900677_690632272984197173_n-300x300.jpg","2026-09-13 10:31:56"
"http://heartlandk9s.org/wp-content/uploads/2025/11/Cover-200x300.png","text/html","301","Moved Permanently","Non-Indexable","Redirected","","0","0","","0","0","","0","0","","0","","0","","0","","0","","0","","","","","","","","","","795","795","795","0.118","","0","","","","","0.000","2","4","","0","0","0","0.000","0","0","0","0","0","0","","","","","","0.158","","https://heartlandk9s.org/wp-content/uploads/2025/11/Cover-200x300.png","HTTP Redirect","","","1.1","","","","","","http://heartlandk9s.org/wp-content/uploads/2025/11/Cover-200x300.png","2026-09-13 10:31:56"
"http://heartlandk9s.org/wp-content/uploads/2022/12/Paws-for-giving-300x300.png","text/html","301","Moved Permanently","Non-Indexable","Redirected","","0","0","","0","0","","0","0","","0","","0","","0","","0","","0","","","","","","","","","","795","795","795","0.118","","0","","","","","0.000","2","4","","0","0","0","0.000","0","0","0","0","0","0","","","","","","0.160","","https://heartlandk9s.org/wp-content/uploads/2022/12/Paws-for-giving-300x300.png","HTTP Redirect","","","1.1","","","","","","http://heartlandk9s.org/wp-content/uploads/2022/12/Paws-for-giving-300x300.png","2026-09-13 10:31:56"
"https://heartlandk9s.org/wp-content/uploads/2021/03/DSC0869-scaled.jpeg","image/jpeg","200","OK","Indexable","","","0","0","","0","0","","0","0","","0","","0","","0","","0","","0","","","","","","","","","","681980","681980","681980","101.069","","0","","","","","0.000","2","4","","1","1","0","5.260","0","0","0","0","0","0","","","","","","0.083","Mon, 16 Jun 2025 22:23:24 GMT","","","","","1.1","","","","","","https://heartlandk9s.org/wp-content/uploads/2021/03/DSC0869-scaled.jpeg","2026-09-13 10:31:57"
"http://heartlandk9s.org/wp-content/uploads/2021/03/arlegoin3-242x300.jpg","text/html","301","Moved Permanently","Non-Indexable","Redirected","","0","0","","0","0","","0","0","","0","","0","","0","","0","","0","","","","","","","","","","795","795","795","0.118","","0","","","","","0.000","2","4","","0","0","0","0.000","0","0","0","0","0","0","","","","","","0.163","","https://heartlandk9s.org/wp-content/uploads/2021/03/arlegoin3-242x300.jpg","HTTP Redirect","","","1.1","","","","","","http://heartlandk9s.org/wp-content/uploads/2021/03/arlegoin3-242x300.jpg","2026-09-13 10:31:57"
"https://heartlandk9s.org/the-hk9-coloring-book/","text/html; charset=UTF-8","200","OK","Indexable","","The Hk9 Coloring Book – Heartland Canines for Veterans","54","506","More than a coloring book. Help fund service dogs for Veterans - and get your business featured in a fun, family-friendly coloring book that teaches kids about","159","970","More than a coloring book. 

Help fund service dogs for Veterans - and get your business featured in a fun, family-friendly coloring book that teaches kids about service dog heroes.

What makes this book special?

This isn't just a coloring book - it's a mission in every kid's hand.

Each page features REAL Heartland service","334","1945","","0","The Hk9 Coloring Book","21","More than a coloring book.","26","","0","","0","max-image-preview:large, max-snippet:-1, max-video-preview:-1","","","https://heartlandk9s.org/the-hk9-coloring-book/","","","","","","98782","19607","19607","2.906","","580","87","6.667","74.627","Fairly Easy","3.811","2","1","","5","2","0","10.530","19","13","0","3","3","0","","","","","c867368e5b705a908d553972c72ecfab","0.667","","","","","en-US","1.1","","","","","","https://heartlandk9s.org/the-hk9-coloring-book/","2026-09-13 10:31:56"
"https://heartlandk9s.org/wp-content/uploads/cache/2021/03/903A0477-scaled/805681869.jpg","image/jpeg","200","OK","Indexable","","","0","0","","0","0","","0","0","","0","","0","","0","","0","","0","","","","","","","","","","46770","46770","46770","6.931","","0","","","","","0.000","2","6","","0","0","0","0.000","0","0","0","0","0","0","","","","","","0.249","Thu, 27 Apr 2023 17:51:45 GMT","","","","","1.1","","","","","","https://heartlandk9s.org/wp-content/uploads/cache/2021/03/903A0477-scaled/805681869.jpg","2026-09-13 10:31:57"
"https://heartlandk9s.org/wp-content/uploads/2021/03/903A0740-scaled.jpg","image/jpeg","200","OK","Indexable","","","0","0","","0","0","","0","0","","0","","0","","0","","0","","0","","","","","","","","","","971842","971842","971842","144.027","","0","","","","","0.000","2","4","","1","1","0","5.260","0","0","0","0","0","0","","","","","","0.084","Thu, 27 Apr 2023 17:14:25 GMT","","","","","1.1","","","","","","https://heartlandk9s.org/wp-content/uploads/2021/03/903A0740-scaled.jpg","2026-09-13 10:31:57"
"https://heartlandk9s.org/wp-content/uploads/cache/2025/01/469965036_598815635990782_1987363041355702480_n/115040626.jpg","image/jpeg","200","OK","Indexable","","","0","0","","0","0","","0","0","","0","","0","","0","","0","","0","","","","","","","","","","7837","7837","7837","1.161","","0","","","","","0.000","2","6","","0","0","0","0.000","0","0","0","0","0","0","","","","","","0.256","Mon, 16 Jun 2025 20:22:38 GMT","","","","","1.1","","","","","","https://heartlandk9s.org/wp-content/uploads/cache/2025/01/469965036_598815635990782_1987363041355702480_n/115040626.jpg","2026-09-13 10:31:57"
"https://heartlandk9s.org/wp-content/uploads/2021/03/DSC0827-scaled.jpeg","image/jpeg","200","OK","Indexable","","","0","0","","0","0","","0","0","","0","","0","","0","","0","","0","","","","","","","","","","679017","679017","679017","100.630","","0","","","","","0.000","2","4","","1","1","0","5.260","0","0","0","0","0","0","","","","","","0.263","Mon, 16 Jun 2025 22:33:20 GMT","","","","","1.1","","","","","","https://heartlandk9s.org/wp-content/uploads/2021/03/DSC0827-scaled.jpeg","2026-09-13 10:31:57"
"https://heartlandk9s.org/wp-content/uploads/cache/2021/03/123_13/276702390.jpeg","image/jpeg","200","OK","Indexable","","","0","0","","0","0","","0","0","","0","","0","","0","","0","","0","","","","","","","","","","7319","7319","7319","1.085","","0","","","","","0.000","2","6","","0","0","0","0.000","0","0","0","0","0","0","","","","","","0.255","Thu, 27 Apr 2023 17:51:44 GMT","","","","","1.1","","","","","","https://heartlandk9s.org/wp-content/uploads/cache/2021/03/123_13/276702390.jpeg","2026-09-13 10:31:57"
"https://heartlandk9s.org/wp-content/uploads/cache/2021/03/DSC0936-scaled/942935643.jpeg","image/jpeg","200","OK","Indexable","","","0","0","","0","0","","0","0","","0","","0","","0","","0","","0","","","","","","","","","","88636","88636","88636","13.136","","0","","","","","0.000","2","6","","0","0","0","0.000","0","0","0","0","0","0","","","","","","0.245","Tue, 17 Jun 2025 02:38:50 GMT","","","","","1.1","","","","","","https://heartlandk9s.org/wp-content/uploads/cache/2021/03/DSC0936-scaled/942935643.jpeg","2026-09-13 10:31:57"
"https://heartlandk9s.org/wp-content/uploads/2021/03/DSC0829-scaled.jpeg","image/jpeg","200","OK","Indexable","","","0","0","","0","0","","0","0","","0","","0","","0","","0","","0","","","","","","","","","","507400","507400","507400","75.197","","0","","","","","0.000","2","4","","1","1","0","5.260","0","0","0","0","0","0","","","","","","0.267","Mon, 16 Jun 2025 22:30:49 GMT","","","","","1.1","","","","","","https://heartlandk9s.org/wp-content/uploads/2021/03/DSC0829-scaled.jpeg","2026-09-13 10:31:57"
"https://heartlandk9s.org/wp-content/uploads/cache/2021/03/DSC0851-scaled/415603247.jpeg","image/jpeg","200","OK","Indexable","","","0","0","","0","0","","0","0","","0","","0","","0","","0","","0","","","","","","","","","","87663","87663","87663","12.992","","0","","","","","0.000","2","6","","0","0","0","0.000","0","0","0","0","0","0","","","","","","0.251","Tue, 17 Jun 2025 02:38:54 GMT","","","","","1.1","","","","","","https://heartlandk9s.org/wp-content/uploads/cache/2021/03/DSC0851-scaled/415603247.jpeg","2026-09-13 10:31:57"
"https://heartlandk9s.org/wp-content/uploads/cache/2021/03/DSC0793-scaled/4123479842.jpeg","image/jpeg","200","OK","Indexable","","","0","0","","0","0","","0","0","","0","","0","","0","","0","","0","","","","","","","","","","87517","87517","87517","12.970","","0","","","","","0.000","2","6","","0","0","0","0.000","0","0","0","0","0","0","","","","","","0.249","Tue, 17 Jun 2025 14:42:01 GMT","","","","","1.1","","","","","","https://heartlandk9s.org/wp-content/uploads/cache/2021/03/DSC0793-scaled/4123479842.jpeg","2026-09-13 10:31:57"
"https://heartlandk9s.org/wp-content/uploads/cache/2021/03/team/316632072.jpg","image/jpeg","200","OK","Indexable","","","0","0","","0","0","","0","0","","0","","0","","0","","0","","0","","","","","","","","","","8223","8223","8223","1.219","","0","","","","","0.000","2","6","","0","0","0","0.000","0","0","0","0","0","0","","","","","","0.251","Mon, 16 Jun 2025 20:22:39 GMT","","","","","1.1","","","","","","https://heartlandk9s.org/wp-content/uploads/cache/2021/03/team/316632072.jpg","2026-09-13 10:31:57"
"https://heartlandk9s.org/wp-content/uploads/cache/2021/03/DSC0787-scaled/3581219774.jpeg","image/jpeg","200","OK","Indexable","","","0","0","","0","0","","0","0","","0","","0","","0","","0","","0","","","","","","","","","","87545","87545","87545","12.974","","0","","","","","0.000","2","6","","0","0","0","0.000","0","0","0","0","0","0","","","","","","0.249","Tue, 17 Jun 2025 14:42:01 GMT","","","","","1.1","","","","","","https://heartlandk9s.org/wp-content/uploads/cache/2021/03/DSC0787-scaled/3581219774.jpeg","2026-09-13 10:31:57"
"https://heartlandk9s.org/wp-content/uploads/2021/03/DSC0828-scaled.jpeg","image/jpeg","200","OK","Indexable","","","0","0","","0","0","","0","0","","0","","0","","0","","0","","0","","","","","","","","","","601435","601435","601435","89.133","","0","","","","","0.000","2","4","","1","1","0","5.260","0","0","0","0","0","0","","","","","","0.256","Mon, 16 Jun 2025 22:32:02 GMT","","","","","1.1","","","","","","https://heartlandk9s.org/wp-content/uploads/2021/03/DSC0828-scaled.jpeg","2026-09-13 10:31:57"
"https://heartlandk9s.org/wp-content/uploads/2021/03/DSC0861-scaled.jpeg","image/jpeg","200","OK","Indexable","","","0","0","","0","0","","0","0","","0","","0","","0","","0","","0","","","","","","","","","","367329","367329","367329","54.438","","0","","","","","0.000","2","4","","1","1","0","5.260","0","0","0","0","0","0","","","","","","0.251","Mon, 16 Jun 2025 22:24:20 GMT","","","","","1.1","","","","","","https://heartlandk9s.org/wp-content/uploads/2021/03/DSC0861-scaled.jpeg","2026-09-13 10:31:57"
"https://heartlandk9s.org/wp-content/uploads/cache/2021/03/DSC0041-scaled/3828629290.jpeg","image/jpeg","200","OK","Indexable","","","0","0","","0","0","","0","0","","0","","0","","0","","0","","0","","","","","","","","","","88380","88380","88380","13.098","","0","","","","","0.000","2","6","","0","0","0","0.000","0","0","0","0","0","0","","","","","","0.238","Tue, 17 Jun 2025 02:38:45 GMT","","","","","1.1","","","","","","https://heartlandk9s.org/wp-content/uploads/cache/2021/03/DSC0041-scaled/3828629290.jpeg","2026-09-13 10:31:57"
"https://heartlandk9s.org/wp-content/uploads/cache/2021/03/DSC0837-scaled/1231497093.jpeg","image/jpeg","200","OK","Indexable","","","0","0","","0","0","","0","0","","0","","0","","0","","0","","0","","","","","","","","","","87412","87412","87412","12.954","","0","","","","","0.000","2","6","","0","0","0","0.000","0","0","0","0","0","0","","","","","","0.241","Tue, 17 Jun 2025 14:41:54 GMT","","","","","1.1","","","","","","https://heartlandk9s.org/wp-content/uploads/cache/2021/03/DSC0837-scaled/1231497093.jpeg","2026-09-13 10:31:57"
"https://heartlandk9s.org/wp-content/uploads/cache/2021/03/DSC0243-scaled/1215796920.jpeg","image/jpeg","200","OK","Indexable","","","0","0","","0","0","","0","0","","0","","0","","0","","0","","0","","","","","","","","","","87705","87705","87705","12.998","","0","","","","","0.000","2","6","","0","0","0","0.000","0","0","0","0","0","0","","","","","","0.248","Tue, 17 Jun 2025 02:38:40 GMT","","","","","1.1","","","","","","https://heartlandk9s.org/wp-content/uploads/cache/2021/03/DSC0243-scaled/1215796920.jpeg","2026-09-13 10:31:57"
"https://heartlandk9s.org/wp-content/uploads/2021/03/DSC0945-scaled.jpeg","image/jpeg","200","OK","Indexable","","","0","0","","0","0","","0","0","","0","","0","","0","","0","","0","","","","","","","","","","423720","423720","423720","62.795","","0","","","","","0.000","2","4","","1","1","0","5.260","0","0","0","0","0","0","","","","","","0.240","Mon, 16 Jun 2025 22:18:08 GMT","","","","","1.1","","","","","","https://heartlandk9s.org/wp-content/uploads/2021/03/DSC0945-scaled.jpeg","2026-09-13 10:31:57"
"https://heartlandk9s.org/wp-content/uploads/2021/03/IMG_7689.jpg","image/jpeg","200","OK","Indexable","","","0","0","","0","0","","0","0","","0","","0","","0","","0","","0","","","","","","","","","","18685","18685","18685","2.769","","0","","","","","0.000","2","4","","1","1","0","5.260","0","0","0","0","0","0","","","","","","0.248","Thu, 27 Apr 2023 17:13:54 GMT","","","","","1.1","","","","","","https://heartlandk9s.org/wp-content/uploads/2021/03/IMG_7689.jpg","2026-09-13 10:31:57"
"https://heartlandk9s.org/wp-content/uploads/2021/03/DSC0057-scaled.jpeg","image/jpeg","200","OK","Indexable","","","0","0","","0","0","","0","0","","0","","0","","0","","0","","0","","","","","","","","","","457272","457272","457272","67.768","","0","","","","","0.000","2","4","","1","1","0","5.260","0","0","0","0","0","0","","","","","","0.241","Mon, 16 Jun 2025 22:08:37 GMT","","","","","1.1","","","","","","https://heartlandk9s.org/wp-content/uploads/2021/03/DSC0057-scaled.jpeg","2026-09-13 10:31:58"
"https://heartlandk9s.org/wp-content/uploads/cache/2021/03/DSC0813-scaled/1877332526.jpeg","image/jpeg","200","OK","Indexable","","","0","0","","0","0","","0","0","","0","","0","","0","","0","","0","","","","","","","","","","87102","87102","87102","12.909","","0","","","","","0.000","2","6","","0","0","0","0.000","0","0","0","0","0","0","","","","","","0.261","Tue, 17 Jun 2025 14:41:57 GMT","","","","","1.1","","","","","","https://heartlandk9s.org/wp-content/uploads/cache/2021/03/DSC0813-scaled/1877332526.jpeg","2026-09-13 10:31:58"
"https://heartlandk9s.org/wp-content/uploads/2021/03/Screenshot_20230206-202734_Video-Player.jpg","image/jpeg","200","OK","Indexable","","","0","0","","0","0","","0","0","","0","","0","","0","","0","","0","","","","","","","","","","603527","603527","603527","89.443","","0","","","","","0.000","2","4","","1","1","0","5.260","0","0","0","0","0","0","","","","","","0.255","Tue, 07 Feb 2023 16:15:25 GMT","","","","","1.1","","","","","","https://heartlandk9s.org/wp-content/uploads/2021/03/Screenshot_20230206-202734_Video-Player.jpg","2026-09-13 10:31:58"
"https://heartlandk9s.org/wp-content/uploads/2021/03/DSC0206-scaled.jpeg","image/jpeg","200","OK","Indexable","","","0","0","","0","0","","0","0","","0","","0","","0","","0","","0","","","","","","","","","","506663","506663","506663","75.087","","0","","","","","0.000","2","4","","1","1","0","5.260","0","0","0","0","0","0","","","","","","0.257","Mon, 16 Jun 2025 22:05:19 GMT","","","","","1.1","","","","","","https://heartlandk9s.org/wp-content/uploads/2021/03/DSC0206-scaled.jpeg","2026-09-13 10:31:58"
"https://heartlandk9s.org/wp-content/uploads/2021/03/DSC0012-scaled.jpeg","image/jpeg","200","OK","Indexable","","","0","0","","0","0","","0","0","","0","","0","","0","","0","","0","","","","","","","","","","662157","662157","662157","98.132","","0","","","","","0.000","2","4","","1","1","0","5.260","0","0","0","0","0","0","","","","","","0.259","Mon, 16 Jun 2025 22:13:58 GMT","","","","","1.1","","","","","","https://heartlandk9s.org/wp-content/uploads/2021/03/DSC0012-scaled.jpeg","2026-09-13 10:31:58"
"http://heartlandk9s.org/wp-content/uploads/2026/02/635328658_921661253706217_8379646685389489216_n-225x300.jpg","text/html","301","Moved Permanently","Non-Indexable","Redirected","","0","0","","0","0","","0","0","","0","","0","","0","","0","","0","","","","","","","","","","795","795","795","0.118","","0","","","","","0.000","2","4","","0","0","0","0.000","0","0","0","0","0","0","","","","","","0.152","","https://heartlandk9s.org/wp-content/uploads/2026/02/635328658_921661253706217_8379646685389489216_n-225x300.jpg","HTTP Redirect","","","1.1","","","","","","http://heartlandk9s.org/wp-content/uploads/2026/02/635328658_921661253706217_8379646685389489216_n-225x300.jpg","2026-09-13 10:31:58"
"https://heartlandk9s.org/wp-content/uploads/cache/2021/03/arlegoin3/3789177861.jpg","image/jpeg","200","OK","Indexable","","","0","0","","0","0","","0","0","","0","","0","","0","","0","","0","","","","","","","","","","84911","84911","84911","12.584","","0","","","","","0.000","2","6","","0","0","0","0.000","0","0","0","0","0","0","","","","","","0.278","Thu, 02 Mar 2023 02:30:17 GMT","","","","","1.1","","","","","","https://heartlandk9s.org/wp-content/uploads/cache/2021/03/arlegoin3/3789177861.jpg","2026-09-13 10:31:58"
"http://heartlandk9s.org/wp-content/uploads/2026/01/1000016218-300x225.jpg","text/html","301","Moved Permanently","Non-Indexable","Redirected","","0","0","","0","0","","0","0","","0","","0","","0","","0","","0","","","","","","","","","","795","795","795","0.118","","0","","","","","0.000","2","4","","0","0","0","0.000","0","0","0","0","0","0","","","","","","0.163","","https://heartlandk9s.org/wp-content/uploads/2026/01/1000016218-300x225.jpg","HTTP Redirect","","","1.1","","","","","","http://heartlandk9s.org/wp-content/uploads/2026/01/1000016218-300x225.jpg","2026-09-13 10:31:58"
"http://heartlandk9s.org/wp-content/uploads/2020/01/dog-with-sash-1.jpg","text/html","301","Moved Permanently","Non-Indexable","Redirected","","0","0","","0","0","","0","0","","0","","0","","0","","0","","0","","","","","","","","","","795","795","795","0.118","","0","","","","","0.000","2","4","","0","0","0","0.000","0","0","0","0","0","0","","","","","","0.138","","https://heartlandk9s.org/wp-content/uploads/2020/01/dog-with-sash-1.jpg","HTTP Redirect","","","1.1","","","","","","http://heartlandk9s.org/wp-content/uploads/2020/01/dog-with-sash-1.jpg","2026-09-13 10:31:58"
"http://heartlandk9s.org/online-application/","text/html","301","Moved Permanently","Non-Indexable","Redirected","","0","0","","0","0","","0","0","","0","","0","","0","","0","","0","","","","","","","","","","795","795","795","0.118","","0","","","","","0.000","2","1","","1","1","0","5.260","0","0","0","0","0","0","","","","","","0.151","","https://heartlandk9s.org/online-application/","HTTP Redirect","","","1.1","","","","","","http://heartlandk9s.org/online-application/","2026-09-13 10:31:58"
"http://heartlandk9s.org/wp-content/uploads/2023/07/IMG_7689-225x300.jpg","text/html","301","Moved Permanently","Non-Indexable","Redirected","","0","0","","0","0","","0","0","","0","","0","","0","","0","","0","","","","","","","","","","795","795","795","0.118","","0","","","","","0.000","2","4","","0","0","0","0.000","0","0","0","0","0","0","","","","","","0.150","","https://heartlandk9s.org/wp-content/uploads/2023/07/IMG_7689-225x300.jpg","HTTP Redirect","","","1.1","","","","","","http://heartlandk9s.org/wp-content/uploads/2023/07/IMG_7689-225x300.jpg","2026-09-13 10:31:58"
"https://heartlandk9s.org/wp-content/uploads/2025/06/502075699_720094960529515_6264838396365568581_n-300x194.jpg","image/jpeg","200","OK","Indexable","","","0","0","","0","0","","0","0","","0","","0","","0","","0","","0","","","","","","","","","","16766","16766","16766","2.485","","0","","","","","0.000","2","4","","0","0","0","0.000","0","0","0","0","0","0","","","","","","0.233","Mon, 16 Jun 2025 20:52:05 GMT","","","","","1.1","","","","","","https://heartlandk9s.org/wp-content/uploads/2025/06/502075699_720094960529515_6264838396365568581_n-300x194.jpg","2026-09-13 10:31:58"
"https://heartlandk9s.org/wp-content/uploads/2025/06/1000008525-210x300.jpg","image/jpeg","200","OK","Indexable","","","0","0","","0","0","","0","0","","0","","0","","0","","0","","0","","","","","","","","","","20982","20982","20982","3.110","","0","","","","","0.000","2","4","","0","0","0","0.000","0","0","0","0","0","0","","","","","","0.235","Wed, 18 Jun 2025 21:28:41 GMT","","","","","1.1","","","","","","https://heartlandk9s.org/wp-content/uploads/2025/06/1000008525-210x300.jpg","2026-09-13 10:31:58"
"https://heartlandk9s.org/wp-content/uploads/2024/12/HK9-Swag-232x300.png","image/png","200","OK","Indexable","","","0","0","","0","0","","0","0","","0","","0","","0","","0","","0","","","","","","","","","","55733","55733","55733","8.260","","0","","","","","0.000","2","4","","0","0","0","0.000","0","0","0","0","0","0","","","","","","0.251","Tue, 03 Dec 2024 15:11:00 GMT","","","","","1.1","","","","","","https://heartlandk9s.org/wp-content/uploads/2024/12/HK9-Swag-232x300.png","2026-09-13 10:31:58"
"https://heartlandk9s.org/wp-content/uploads/2023/03/Heartland-BarKode-Example-300x300.png","image/png","200","OK","Indexable","","","0","0","","0","0","","0","0","","0","","0","","0","","0","","0","","","","","","","","","","34615","34615","34615","5.130","","0","","","","","0.000","2","4","","0","0","0","0.000","0","0","0","0","0","0","","","","","","0.259","Fri, 17 Mar 2023 13:12:17 GMT","","","","","1.1","","","","","","https://heartlandk9s.org/wp-content/uploads/2023/03/Heartland-BarKode-Example-300x300.png","2026-09-13 10:31:58"
"https://heartlandk9s.org/wp-content/uploads/cache/2021/03/Screenshot_20230206-202846_Video-Player/2242401570.jpg","image/jpeg","200","OK","Indexable","","","0","0","","0","0","","0","0","","0","","0","","0","","0","","0","","","","","","","","","","10467","10467","10467","1.551","","0","","","","","0.000","2","6","","0","0","0","0.000","0","0","0","0","0","0","","","","","","0.247","Thu, 02 Mar 2023 02:30:18 GMT","","","","","1.1","","","","","","https://heartlandk9s.org/wp-content/uploads/cache/2021/03/Screenshot_20230206-202846_Video-Player/2242401570.jpg","2026-09-13 10:31:58"
"https://heartlandk9s.org/wp-content/uploads/cache/2021/03/DSC0799-scaled/2854293608.jpeg","image/jpeg","200","OK","Indexable","","","0","0","","0","0","","0","0","","0","","0","","0","","0","","0","","","","","","","","","","89797","89797","89797","13.308","","0","","","","","0.000","2","6","","0","0","0","0.000","0","0","0","0","0","0","","","","","","0.254","Tue, 17 Jun 2025 14:41:59 GMT","","","","","1.1","","","","","","https://heartlandk9s.org/wp-content/uploads/cache/2021/03/DSC0799-scaled/2854293608.jpeg","2026-09-13 10:31:58"
"https://heartlandk9s.org/wp-content/uploads/cache/2021/03/DSC0859-scaled/3627499875.jpeg","image/jpeg","200","OK","Indexable","","","0","0","","0","0","","0","0","","0","","0","","0","","0","","0","","","","","","","","","","87153","87153","87153","12.916","","0","","","","","0.000","2","6","","0","0","0","0.000","0","0","0","0","0","0","","","","","","0.256","Tue, 17 Jun 2025 02:38:53 GMT","","","","","1.1","","","","","","https://heartlandk9s.org/wp-content/uploads/cache/2021/03/DSC0859-scaled/3627499875.jpeg","2026-09-13 10:31:58"
"https://heartlandk9s.org/wp-content/uploads/2021/03/329146424_892016148510128_3782328147530088947_n.jpg","image/jpeg","200","OK","Indexable","","","0","0","","0","0","","0","0","","0","","0","","0","","0","","0","","","","","","","","","","388716","388716","388716","57.608","","0","","","","","0.000","2","4","","1","1","0","5.260","0","0","0","0","0","0","","","","","","0.260","Tue, 07 Feb 2023 16:18:16 GMT","","","","","1.1","","","","","","https://heartlandk9s.org/wp-content/uploads/2021/03/329146424_892016148510128_3782328147530088947_n.jpg","2026-09-13 10:31:59"
"https://heartlandk9s.org/wp-content/uploads/cache/2021/03/Screenshot_20230206-105720_Messenger/906341062.jpg","image/jpeg","200","OK","Indexable","","","0","0","","0","0","","0","0","","0","","0","","0","","0","","0","","","","","","","","","","9767","9767","9767","1.447","","0","","","","","0.000","2","6","","0","0","0","0.000","0","0","0","0","0","0","","","","","","0.253","Thu, 02 Mar 2023 02:30:18 GMT","","","","","1.1","","","","","","https://heartlandk9s.org/wp-content/uploads/cache/2021/03/Screenshot_20230206-105720_Messenger/906341062.jpg","2026-09-13 10:31:59"
"https://heartlandk9s.org/wp-content/uploads/2021/03/team.jpg","image/jpeg","200","OK","Indexable","","","0","0","","0","0","","0","0","","0","","0","","0","","0","","0","","","","","","","","","","740158","740158","740158","109.691","","0","","","","","0.000","2","4","","1","1","0","5.260","0","0","0","0","0","0","","","","","","0.259","Mon, 16 Jun 2025 20:20:58 GMT","","","","","1.1","","","","","","https://heartlandk9s.org/wp-content/uploads/2021/03/team.jpg","2026-09-13 10:31:59"
"https://heartlandk9s.org/wp-content/uploads/cache/2021/03/DSC0819-scaled/1705607127.jpeg","image/jpeg","200","OK","Indexable","","","0","0","","0","0","","0","0","","0","","0","","0","","0","","0","","","","","","","","","","88319","88319","88319","13.089","","0","","","","","0.000","2","6","","0","0","0","0.000","0","0","0","0","0","0","","","","","","0.264","Tue, 17 Jun 2025 14:41:56 GMT","","","","","1.1","","","","","","https://heartlandk9s.org/wp-content/uploads/cache/2021/03/DSC0819-scaled/1705607127.jpeg","2026-09-13 10:31:59"
"https://heartlandk9s.org/wp-content/uploads/cache/2021/03/903A0740-scaled/2231150610.jpg","image/jpeg","200","OK","Indexable","","","0","0","","0","0","","0","0","","0","","0","","0","","0","","0","","","","","","","","","","44143","44143","44143","6.542","","0","","","","","0.000","2","6","","0","0","0","0.000","0","0","0","0","0","0","","","","","","0.270","Thu, 27 Apr 2023 17:51:45 GMT","","","","","1.1","","","","","","https://heartlandk9s.org/wp-content/uploads/cache/2021/03/903A0740-scaled/2231150610.jpg","2026-09-13 10:31:59"
"https://heartlandk9s.org/wp-content/uploads/cache/2021/03/billy-scaled/2710605875.jpeg","image/jpeg","200","OK","Indexable","","","0","0","","0","0","","0","0","","0","","0","","0","","0","","0","","","","","","","","","","87403","87403","87403","12.953","","0","","","","","0.000","2","6","","0","0","0","0.000","0","0","0","0","0","0","","","","","","0.273","Tue, 17 Jun 2025 14:42:02 GMT","","","","","1.1","","","","","","https://heartlandk9s.org/wp-content/uploads/cache/2021/03/billy-scaled/2710605875.jpeg","2026-09-13 10:31:59"
"https://heartlandk9s.org/wp-content/uploads/2022/12/vet-parade.jpg","image/jpeg","200","OK","Indexable","","","0","0","","0","0","","0","0","","0","","0","","0","","0","","0","","","","","","","","","","404041","404041","404041","59.879","","0","","","","","0.000","2","4","","1","1","0","5.260","0","0","0","0","0","0","","","","","","0.278","Fri, 16 Dec 2022 23:33:48 GMT","","","","","1.1","","","","","","https://heartlandk9s.org/wp-content/uploads/2022/12/vet-parade.jpg","2026-09-13 10:31:59"
"https://heartlandk9s.org/wp-content/uploads/cache/2021/03/DSC0827-scaled/1125851211.jpeg","image/jpeg","200","OK","Indexable","","","0","0","","0","0","","0","0","","0","","0","","0","","0","","0","","","","","","","","","","87970","87970","87970","13.037","","0","","","","","0.000","2","6","","0","0","0","0.000","0","0","0","0","0","0","","","","","","0.248","Tue, 17 Jun 2025 14:41:56 GMT","","","","","1.1","","","","","","https://heartlandk9s.org/wp-content/uploads/cache/2021/03/DSC0827-scaled/1125851211.jpeg","2026-09-13 10:31:59"
"https://heartlandk9s.org/wp-content/uploads/fusion-styles/868b50556e6e8791bed0394fb2067bbd.min.css?ver=3.16.1","text/css","200","OK","Indexable","","","0","0","","0","0","","0","0","","0","","0","","0","","0","","0","","","","","","","","","","0","0","0","0.000","","0","","","","","0.000","2","3","","0","0","0","0.000","0","0","0","0","0","0","","","","","","0.256","Wed, 26 Aug 2026 19:11:04 GMT","","","","","1.1","","","","","","https://heartlandk9s.org/wp-content/uploads/fusion-styles/868b50556e6e8791bed0394fb2067bbd.min.css?ver=3.16.1","2026-09-13 10:31:59"
"https://heartlandk9s.org/wp-content/uploads/cache/2025/05/496009229_708289025043442_6654562698047626934_n/691805230.jpg","image/jpeg","200","OK","Indexable","","","0","0","","0","0","","0","0","","0","","0","","0","","0","","0","","","","","","","","","","7494","7494","7494","1.111","","0","","","","","0.000","2","6","","0","0","0","0.000","0","0","0","0","0","0","","","","","","0.257","Mon, 16 Jun 2025 20:22:38 GMT","","","","","1.1","","","","","","https://heartlandk9s.org/wp-content/uploads/cache/2025/05/496009229_708289025043442_6654562698047626934_n/691805230.jpg","2026-09-13 10:31:59"
"https://heartlandk9s.org/wp-content/uploads/2021/03/DSC0917-scaled.jpeg","image/jpeg","200","OK","Indexable","","","0","0","","0","0","","0","0","","0","","0","","0","","0","","0","","","","","","","","","","430954","430954","430954","63.867","","0","","","","","0.000","2","4","","1","1","0","5.260","0","0","0","0","0","0","","","","","","0.262","Mon, 16 Jun 2025 22:20:17 GMT","","","","","1.1","","","","","","https://heartlandk9s.org/wp-content/uploads/2021/03/DSC0917-scaled.jpeg","2026-09-13 10:31:59"
"https://heartlandk9s.org/wp-content/uploads/2021/03/DSC0787-scaled.jpeg","image/jpeg","200","OK","Indexable","","","0","0","","0","0","","0","0","","0","","0","","0","","0","","0","","","","","","","","","","397917","397917","397917","58.971","","0","","","","","0.000","2","4","","1","1","0","5.260","0","0","0","0","0","0","","","","","","0.257","Mon, 16 Jun 2025 22:44:39 GMT","","","","","1.1","","","","","","https://heartlandk9s.org/wp-content/uploads/2021/03/DSC0787-scaled.jpeg","2026-09-13 10:31:59"
"https://heartlandk9s.org/wp-content/uploads/2021/03/DSC0256-scaled.jpeg","image/jpeg","200","OK","Indexable","","","0","0","","0","0","","0","0","","0","","0","","0","","0","","0","","","","","","","","","","555504","555504","555504","82.326","","0","","","","","0.000","2","4","","1","1","0","5.260","0","0","0","0","0","0","","","","","","0.242","Mon, 16 Jun 2025 22:02:04 GMT","","","","","1.1","","","","","","https://heartlandk9s.org/wp-content/uploads/2021/03/DSC0256-scaled.jpeg","2026-09-13 10:31:59"
"https://heartlandk9s.org/wp-content/uploads/cache/2021/03/DSC0161-scaled/1116519037.jpeg","image/jpeg","200","OK","Indexable","","","0","0","","0","0","","0","0","","0","","0","","0","","0","","0","","","","","","","","","","88221","88221","88221","13.074","","0","","","","","0.000","2","6","","0","0","0","0.000","0","0","0","0","0","0","","","","","","0.251","Tue, 17 Jun 2025 02:38:42 GMT","","","","","1.1","","","","","","https://heartlandk9s.org/wp-content/uploads/cache/2021/03/DSC0161-scaled/1116519037.jpeg","2026-09-13 10:31:59"
"https://heartlandk9s.org/wp-content/uploads/cache/2021/03/DSC0809-scaled/4206564849.jpeg","image/jpeg","200","OK","Indexable","","","0","0","","0","0","","0","0","","0","","0","","0","","0","","0","","","","","","","","","","88853","88853","88853","13.168","","0","","","","","0.000","2","6","","0","0","0","0.000","0","0","0","0","0","0","","","","","","0.252","Tue, 17 Jun 2025 14:41:58 GMT","","","","","1.1","","","","","","https://heartlandk9s.org/wp-content/uploads/cache/2021/03/DSC0809-scaled/4206564849.jpeg","2026-09-13 10:31:59"
"https://heartlandk9s.org/wp-content/uploads/cache/2021/03/DSC0030-scaled/1279392539.jpeg","image/jpeg","200","OK","Indexable","","","0","0","","0","0","","0","0","","0","","0","","0","","0","","0","","","","","","","","","","85522","85522","85522","12.674","","0","","","","","0.000","2","6","","0","0","0","0.000","0","0","0","0","0","0","","","","","","0.247","Tue, 17 Jun 2025 02:38:46 GMT","","","","","1.1","","","","","","https://heartlandk9s.org/wp-content/uploads/cache/2021/03/DSC0030-scaled/1279392539.jpeg","2026-09-13 10:31:59"
"https://heartlandk9s.org/wp-content/uploads/2021/03/Screenshot_20230206-105720_Messenger.jpg","image/jpeg","200","OK","Indexable","","","0","0","","0","0","","0","0","","0","","0","","0","","0","","0","","","","","","","","","","345027","345027","345027","51.133","","0","","","","","0.000","2","4","","1","1","0","5.260","0","0","0","0","0","0","","","","","","0.248","Tue, 07 Feb 2023 16:14:30 GMT","","","","","1.1","","","","","","https://heartlandk9s.org/wp-content/uploads/2021/03/Screenshot_20230206-105720_Messenger.jpg","2026-09-13 10:32:00"
"https://heartlandk9s.org/wp-content/uploads/2021/03/DSC0259-scaled.jpeg","image/jpeg","200","OK","Indexable","","","0","0","","0","0","","0","0","","0","","0","","0","","0","","0","","","","","","","","","","666772","666772","666772","98.816","","0","","","","","0.000","2","4","","1","1","0","5.260","0","0","0","0","0","0","","","","","","0.277","Mon, 16 Jun 2025 22:00:59 GMT","","","","","1.1","","","","","","https://heartlandk9s.org/wp-content/uploads/2021/03/DSC0259-scaled.jpeg","2026-09-13 10:32:00"
"https://heartlandk9s.org/wp-content/uploads/cache/2023/04/903A0881-2-scaled/3060328392.jpg","image/jpeg","200","OK","Indexable","","","0","0","","0","0","","0","0","","0","","0","","0","","0","","0","","","","","","","","","","46112","46112","46112","6.834","","0","","","","","0.000","2","6","","0","0","0","0.000","0","0","0","0","0","0","","","","","","0.252","Thu, 27 Apr 2023 17:51:44 GMT","","","","","1.1","","","","","","https://heartlandk9s.org/wp-content/uploads/cache/2023/04/903A0881-2-scaled/3060328392.jpg","2026-09-13 10:32:00"
"https://heartlandk9s.org/wp-content/uploads/cache/2021/03/Screenshot_20230206-202846_Video-Player-1/1284117300.jpg","image/jpeg","200","OK","Indexable","","","0","0","","0","0","","0","0","","0","","0","","0","","0","","0","","","","","","","","","","10467","10467","10467","1.551","","0","","","","","0.000","2","6","","0","0","0","0.000","0","0","0","0","0","0","","","","","","0.256","Thu, 02 Mar 2023 02:30:18 GMT","","","","","1.1","","","","","","https://heartlandk9s.org/wp-content/uploads/cache/2021/03/Screenshot_20230206-202846_Video-Player-1/1284117300.jpg","2026-09-13 10:32:00"
"https://heartlandk9s.org/wp-content/uploads/2021/03/DSC0915-scaled.jpeg","image/jpeg","200","OK","Indexable","","","0","0","","0","0","","0","0","","0","","0","","0","","0","","0","","","","","","","","","","471217","471217","471217","69.834","","0","","","","","0.000","2","4","","1","1","0","5.260","0","0","0","0","0","0","","","","","","0.255","Mon, 16 Jun 2025 22:21:19 GMT","","","","","1.1","","","","","","https://heartlandk9s.org/wp-content/uploads/2021/03/DSC0915-scaled.jpeg","2026-09-13 10:32:00"
"https://heartlandk9s.org/wp-content/uploads/2021/03/DSC0936-scaled.jpeg","image/jpeg","200","OK","Indexable","","","0","0","","0","0","","0","0","","0","","0","","0","","0","","0","","","","","","","","","","518445","518445","518445","76.834","","0","","","","","0.000","2","4","","1","1","0","5.260","0","0","0","0","0","0","","","","","","0.257","Mon, 16 Jun 2025 22:19:14 GMT","","","","","1.1","","","","","","https://heartlandk9s.org/wp-content/uploads/2021/03/DSC0936-scaled.jpeg","2026-09-13 10:32:00"
"https://heartlandk9s.org/wp-content/uploads/cache/2021/03/PandM/2349678762.jpg","image/jpeg","200","OK","Indexable","","","0","0","","0","0","","0","0","","0","","0","","0","","0","","0","","","","","","","","","","9266","9266","9266","1.373","","0","","","","","0.000","2","6","","0","0","0","0.000","0","0","0","0","0","0","","","","","","0.260","Mon, 16 Jun 2025 20:22:39 GMT","","","","","1.1","","","","","","https://heartlandk9s.org/wp-content/uploads/cache/2021/03/PandM/2349678762.jpg","2026-09-13 10:32:00"
"https://heartlandk9s.org/wp-content/uploads/cache/2021/03/konor/1007987499.jpg","image/jpeg","200","OK","Indexable","","","0","0","","0","0","","0","0","","0","","0","","0","","0","","0","","","","","","","","","","8534","8534","8534","1.265","","0","","","","","0.000","2","6","","0","0","0","0.000","0","0","0","0","0","0","","","","","","0.258","Mon, 16 Jun 2025 20:22:39 GMT","","","","","1.1","","","","","","https://heartlandk9s.org/wp-content/uploads/cache/2021/03/konor/1007987499.jpg","2026-09-13 10:32:00"
"https://heartlandk9s.org/wp-content/uploads/cache/2021/03/DSC0966-scaled/197773307.jpeg","image/jpeg","200","OK","Indexable","","","0","0","","0","0","","0","0","","0","","0","","0","","0","","0","","","","","","","","","","89056","89056","89056","13.198","","0","","","","","0.000","2","6","","0","0","0","0.000","0","0","0","0","0","0","","","","","","0.253","Tue, 17 Jun 2025 02:38:48 GMT","","","","","1.1","","","","","","https://heartlandk9s.org/wp-content/uploads/cache/2021/03/DSC0966-scaled/197773307.jpeg","2026-09-13 10:32:00"
"https://heartlandk9s.org/wp-content/uploads/cache/2021/03/DSC0960-scaled/233987244.jpeg","image/jpeg","200","OK","Indexable","","","0","0","","0","0","","0","0","","0","","0","","0","","0","","0","","","","","","","","","","89990","89990","89990","13.337","","0","","","","","0.000","2","6","","0","0","0","0.000","0","0","0","0","0","0","","","","","","0.272","Tue, 17 Jun 2025 02:38:49 GMT","","","","","1.1","","","","","","https://heartlandk9s.org/wp-content/uploads/cache/2021/03/DSC0960-scaled/233987244.jpeg","2026-09-13 10:32:00"
"https://heartlandk9s.org/wp-content/uploads/2021/03/DSC0819-scaled.jpeg","image/jpeg","200","OK","Indexable","","","0","0","","0","0","","0","0","","0","","0","","0","","0","","0","","","","","","","","","","808395","808395","808395","119.804","","0","","","","","0.000","2","4","","1","1","0","5.260","0","0","0","0","0","0","","","","","","0.253","Mon, 16 Jun 2025 22:34:20 GMT","","","","","1.1","","","","","","https://heartlandk9s.org/wp-content/uploads/2021/03/DSC0819-scaled.jpeg","2026-09-13 10:32:00"
"https://heartlandk9s.org/wp-content/uploads/2021/03/329097304_625581989614335_327909721061889155_n.jpg","image/jpeg","200","OK","Indexable","","","0","0","","0","0","","0","0","","0","","0","","0","","0","","0","","","","","","","","","","373721","373721","373721","55.385","","0","","","","","0.000","2","4","","1","1","0","5.260","0","0","0","0","0","0","","","","","","0.239","Tue, 07 Feb 2023 16:18:12 GMT","","","","","1.1","","","","","","https://heartlandk9s.org/wp-content/uploads/2021/03/329097304_625581989614335_327909721061889155_n.jpg","2026-09-13 10:32:00"
"https://heartlandk9s.org/wp-content/uploads/cache/2021/03/IMG-7973-scaled/2010992243.jpg","image/jpeg","200","OK","Indexable","","","0","0","","0","0","","0","0","","0","","0","","0","","0","","0","","","","","","","","","","16506","16506","16506","2.446","","0","","","","","0.000","2","6","","0","0","0","0.000","0","0","0","0","0","0","","","","","","0.247","Thu, 02 Mar 2023 02:30:17 GMT","","","","","1.1","","","","","","https://heartlandk9s.org/wp-content/uploads/cache/2021/03/IMG-7973-scaled/2010992243.jpg","2026-09-13 10:32:00"
"https://heartlandk9s.org/wp-content/uploads/2021/03/DSC0837-scaled.jpeg","image/jpeg","200","OK","Indexable","","","0","0","","0","0","","0","0","","0","","0","","0","","0","","0","","","","","","","","","","578026","578026","578026","85.663","","0","","","","","0.000","2","4","","1","1","0","5.260","0","0","0","0","0","0","","","","","","0.237","Mon, 16 Jun 2025 22:28:33 GMT","","","","","1.1","","","","","","https://heartlandk9s.org/wp-content/uploads/2021/03/DSC0837-scaled.jpeg","2026-09-13 10:32:00"
"https://heartlandk9s.org/wp-content/uploads/2021/03/DSC0859-scaled.jpeg","image/jpeg","200","OK","Indexable","","","0","0","","0","0","","0","0","","0","","0","","0","","0","","0","","","","","","","","","","424765","424765","424765","62.950","","0","","","","","0.000","2","4","","1","1","0","5.260","0","0","0","0","0","0","","","","","","0.257","Mon, 16 Jun 2025 22:25:16 GMT","","","","","1.1","","","","","","https://heartlandk9s.org/wp-content/uploads/2021/03/DSC0859-scaled.jpeg","2026-09-13 10:32:00"
"https://heartlandk9s.org/wp-content/uploads/cache/2021/03/DSC0971-scaled/3262623950.jpeg","image/jpeg","200","OK","Indexable","","","0","0","","0","0","","0","0","","0","","0","","0","","0","","0","","","","","","","","","","88578","88578","88578","13.127","","0","","","","","0.000","2","6","","0","0","0","0.000","0","0","0","0","0","0","","","","","","0.242","Tue, 17 Jun 2025 02:38:47 GMT","","","","","1.1","","","","","","https://heartlandk9s.org/wp-content/uploads/cache/2021/03/DSC0971-scaled/3262623950.jpeg","2026-09-13 10:32:00"
"https://heartlandk9s.org/wp-content/uploads/cache/2021/03/DSC0803-scaled/2633070658.jpeg","image/jpeg","200","OK","Indexable","","","0","0","","0","0","","0","0","","0","","0","","0","","0","","0","","","","","","","","","","86702","86702","86702","12.849","","0","","","","","0.000","2","6","","0","0","0","0.000","0","0","0","0","0","0","","","","","","0.292","Tue, 17 Jun 2025 14:41:59 GMT","","","","","1.1","","","","","","https://heartlandk9s.org/wp-content/uploads/cache/2021/03/DSC0803-scaled/2633070658.jpeg","2026-09-13 10:32:01"
"https://heartlandk9s.org/wp-content/uploads/2021/03/DSC0813-scaled.jpeg","image/jpeg","200","OK","Indexable","","","0","0","","0","0","","0","0","","0","","0","","0","","0","","0","","","","","","","","","","351991","351991","351991","52.165","","0","","","","","0.000","2","4","","1","1","0","5.260","0","0","0","0","0","0","","","","","","0.271","Mon, 16 Jun 2025 22:35:21 GMT","","","","","1.1","","","","","","https://heartlandk9s.org/wp-content/uploads/2021/03/DSC0813-scaled.jpeg","2026-09-13 10:32:01"
"https://heartlandk9s.org/wp-content/uploads/2021/03/DSC0803-scaled.jpeg","image/jpeg","200","OK","Indexable","","","0","0","","0","0","","0","0","","0","","0","","0","","0","","0","","","","","","","","","","406676","406676","406676","60.269","","0","","","","","0.000","2","4","","1","1","0","5.260","0","0","0","0","0","0","","","","","","0.259","Mon, 16 Jun 2025 22:40:18 GMT","","","","","1.1","","","","","","https://heartlandk9s.org/wp-content/uploads/2021/03/DSC0803-scaled.jpeg","2026-09-13 10:32:01"
"https://heartlandk9s.org/wp-content/uploads/cache/2025/06/grad/1141196691.jpg","image/jpeg","200","OK","Indexable","","","0","0","","0","0","","0","0","","0","","0","","0","","0","","0","","","","","","","","","","9840","9840","9840","1.458","","0","","","","","0.000","2","6","","0","0","0","0.000","0","0","0","0","0","0","","","","","","0.248","Mon, 16 Jun 2025 20:22:37 GMT","","","","","1.1","","","","","","https://heartlandk9s.org/wp-content/uploads/cache/2025/06/grad/1141196691.jpg","2026-09-13 10:32:01"
"https://heartlandk9s.org/wp-content/uploads/cache/2021/03/IMG_curlyvest-scaled/2128778114.jpg","image/jpeg","200","OK","Indexable","","","0","0","","0","0","","0","0","","0","","0","","0","","0","","0","","","","","","","","","","12546","12546","12546","1.859","","0","","","","","0.000","2","6","","0","0","0","0.000","0","0","0","0","0","0","","","","","","0.269","Thu, 02 Mar 2023 02:30:17 GMT","","","","","1.1","","","","","","https://heartlandk9s.org/wp-content/uploads/cache/2021/03/IMG_curlyvest-scaled/2128778114.jpg","2026-09-13 10:32:01"
"https://heartlandk9s.org/wp-content/uploads/2021/03/DSC0960-scaled.jpeg","image/jpeg","200","OK","Indexable","","","0","0","","0","0","","0","0","","0","","0","","0","","0","","0","","","","","","","","","","490536","490536","490536","72.697","","0","","","","","0.000","2","4","","1","1","0","5.260","0","0","0","0","0","0","","","","","","0.270","Mon, 16 Jun 2025 22:17:06 GMT","","","","","1.1","","","","","","https://heartlandk9s.org/wp-content/uploads/2021/03/DSC0960-scaled.jpeg","2026-09-13 10:32:01"
"https://heartlandk9s.org/wp-content/uploads/2021/03/DSC0844-scaled.jpeg","image/jpeg","200","OK","Indexable","","","0","0","","0","0","","0","0","","0","","0","","0","","0","","0","","","","","","","","","","647328","647328","647328","95.934","","0","","","","","0.000","2","4","","1","1","0","5.260","0","0","0","0","0","0","","","","","","0.270","Mon, 16 Jun 2025 22:27:25 GMT","","","","","1.1","","","","","","https://heartlandk9s.org/wp-content/uploads/2021/03/DSC0844-scaled.jpeg","2026-09-13 10:32:01"
"https://heartlandk9s.org/wp-content/uploads/2021/03/DSC0811-scaled.jpeg","image/jpeg","200","OK","Indexable","","","0","0","","0","0","","0","0","","0","","0","","0","","0","","0","","","","","","","","","","449737","449737","449737","66.651","","0","","","","","0.000","2","4","","1","1","0","5.260","0","0","0","0","0","0","","","","","","0.250","Mon, 16 Jun 2025 22:36:39 GMT","","","","","1.1","","","","","","https://heartlandk9s.org/wp-content/uploads/2021/03/DSC0811-scaled.jpeg","2026-09-13 10:32:01"
"https://heartlandk9s.org/wp-content/uploads/2021/03/DSC0086-scaled.jpeg","image/jpeg","200","OK","Indexable","","","0","0","","0","0","","0","0","","0","","0","","0","","0","","0","","","","","","","","","","921928","921928","921928","136.630","","0","","","","","0.000","2","4","","1","1","0","5.260","0","0","0","0","0","0","","","","","","0.243","Mon, 16 Jun 2025 22:07:34 GMT","","","","","1.1","","","","","","https://heartlandk9s.org/wp-content/uploads/2021/03/DSC0086-scaled.jpeg","2026-09-13 10:32:01"
"https://heartlandk9s.org/wp-content/uploads/cache/2021/03/DSC0796-scaled/3660865671.jpeg","image/jpeg","200","OK","Indexable","","","0","0","","0","0","","0","0","","0","","0","","0","","0","","0","","","","","","","","","","88966","88966","88966","13.185","","0","","","","","0.000","2","6","","0","0","0","0.000","0","0","0","0","0","0","","","","","","0.244","Tue, 17 Jun 2025 14:42:00 GMT","","","","","1.1","","","","","","https://heartlandk9s.org/wp-content/uploads/cache/2021/03/DSC0796-scaled/3660865671.jpeg","2026-09-13 10:32:01"
"https://heartlandk9s.org/wp-content/uploads/cache/2025/01/2BD3EC8D-1E9A-4AA1-9A28-D78280CE66BC/1659611195.jpeg","image/jpeg","200","OK","Indexable","","","0","0","","0","0","","0","0","","0","","0","","0","","0","","0","","","","","","","","","","8385","8385","8385","1.243","","0","","","","","0.000","2","6","","0","0","0","0.000","0","0","0","0","0","0","","","","","","0.249","Mon, 16 Jun 2025 20:22:38 GMT","","","","","1.1","","","","","","https://heartlandk9s.org/wp-content/uploads/cache/2025/01/2BD3EC8D-1E9A-4AA1-9A28-D78280CE66BC/1659611195.jpeg","2026-09-13 10:32:01"
"https://heartlandk9s.org/wp-content/uploads/2023/04/903A0881-2-scaled.jpg","image/jpeg","200","OK","Indexable","","","0","0","","0","0","","0","0","","0","","0","","0","","0","","0","","","","","","","","","","720979","720979","720979","106.849","","0","","","","","0.000","2","4","","1","1","0","5.260","0","0","0","0","0","0","","","","","","0.254","Mon, 03 Apr 2023 16:03:37 GMT","","","","","1.1","","","","","","https://heartlandk9s.org/wp-content/uploads/2023/04/903A0881-2-scaled.jpg","2026-09-13 10:32:01"
"https://heartlandk9s.org/wp-content/uploads/cache/2022/12/justin/2063452780.jpg","image/jpeg","200","OK","Indexable","","","0","0","","0","0","","0","0","","0","","0","","0","","0","","0","","","","","","","","","","11152","11152","11152","1.653","","0","","","","","0.000","2","6","","0","0","0","0.000","0","0","0","0","0","0","","","","","","0.255","Thu, 02 Mar 2023 02:30:17 GMT","","","","","1.1","","","","","","https://heartlandk9s.org/wp-content/uploads/cache/2022/12/justin/2063452780.jpg","2026-09-13 10:32:01"
"https://heartlandk9s.org/wp-content/uploads/2021/03/konor.jpg","image/jpeg","200","OK","Indexable","","","0","0","","0","0","","0","0","","0","","0","","0","","0","","0","","","","","","","","","","430165","430165","430165","63.750","","0","","","","","0.000","2","4","","1","1","0","5.260","0","0","0","0","0","0","","","","","","0.259","Mon, 16 Jun 2025 20:20:23 GMT","","","","","1.1","","","","","","https://heartlandk9s.org/wp-content/uploads/2021/03/konor.jpg","2026-09-13 10:32:01"
"https://heartlandk9s.org/wp-content/uploads/2021/03/DSC0030-scaled.jpeg","image/jpeg","200","OK","Indexable","","","0","0","","0","0","","0","0","","0","","0","","0","","0","","0","","","","","","","","","","397203","397203","397203","58.865","","0","","","","","0.000","2","4","","1","1","0","5.260","0","0","0","0","0","0","","","","","","0.263","Mon, 16 Jun 2025 22:12:55 GMT","","","","","1.1","","","","","","https://heartlandk9s.org/wp-content/uploads/2021/03/DSC0030-scaled.jpeg","2026-09-13 10:32:01"
"https://heartlandk9s.org/wp-content/uploads/2022/12/larryarchie.jpg","image/jpeg","200","OK","Indexable","","","0","0","","0","0","","0","0","","0","","0","","0","","0","","0","","","","","","","","","","655360","655360","655360","97.124","","0","","","","","0.000","2","4","","1","1","0","5.260","0","0","0","0","0","0","","","","","","0.280","Fri, 16 Dec 2022 23:25:40 GMT","","","","","1.1","","","","","","https://heartlandk9s.org/wp-content/uploads/2022/12/larryarchie.jpg","2026-09-13 10:32:01"
"https://heartlandk9s.org/wp-content/uploads/2021/03/DSC0041-scaled.jpeg","image/jpeg","200","OK","Indexable","","","0","0","","0","0","","0","0","","0","","0","","0","","0","","0","","","","","","","","","","421055","421055","421055","62.400","","0","","","","","0.000","2","4","","1","1","0","5.260","0","0","0","0","0","0","","","","","","0.253","Mon, 16 Jun 2025 22:10:47 GMT","","","","","1.1","","","","","","https://heartlandk9s.org/wp-content/uploads/2021/03/DSC0041-scaled.jpeg","2026-09-13 10:32:02"
"https://heartlandk9s.org/wp-content/uploads/cache/2021/03/Screenshot_20230206-202734_Video-Player/468409224.jpg","image/jpeg","200","OK","Indexable","","","0","0","","0","0","","0","0","","0","","0","","0","","0","","0","","","","","","","","","","10986","10986","10986","1.628","","0","","","","","0.000","2","6","","0","0","0","0.000","0","0","0","0","0","0","","","","","","0.254","Thu, 02 Mar 2023 02:30:18 GMT","","","","","1.1","","","","","","https://heartlandk9s.org/wp-content/uploads/cache/2021/03/Screenshot_20230206-202734_Video-Player/468409224.jpg","2026-09-13 10:32:02"
"https://heartlandk9s.org/wp-content/uploads/2021/03/DSC0036-scaled.jpeg","image/jpeg","200","OK","Indexable","","","0","0","","0","0","","0","0","","0","","0","","0","","0","","0","","","","","","","","","","548633","548633","548633","81.307","","0","","","","","0.000","2","4","","1","1","0","5.260","0","0","0","0","0","0","","","","","","0.270","Mon, 16 Jun 2025 22:11:52 GMT","","","","","1.1","","","","","","https://heartlandk9s.org/wp-content/uploads/2021/03/DSC0036-scaled.jpeg","2026-09-13 10:32:02"
"https://heartlandk9s.org/wp-content/uploads/cache/2021/03/DSC0219-scaled/499135147.jpeg","image/jpeg","200","OK","Indexable","","","0","0","","0","0","","0","0","","0","","0","","0","","0","","0","","","","","","","","","","88462","88462","88462","13.110","","0","","","","","0.000","2","6","","0","0","0","0.000","0","0","0","0","0","0","","","","","","0.289","Tue, 17 Jun 2025 02:38:41 GMT","","","","","1.1","","","","","","https://heartlandk9s.org/wp-content/uploads/cache/2021/03/DSC0219-scaled/499135147.jpeg","2026-09-13 10:32:02"
"https://heartlandk9s.org/wp-content/uploads/cache/2021/03/IMG_7689/1307659077.jpg","image/jpeg","200","OK","Indexable","","","0","0","","0","0","","0","0","","0","","0","","0","","0","","0","","","","","","","","","","7779","7779","7779","1.153","","0","","","","","0.000","2","6","","0","0","0","0.000","0","0","0","0","0","0","","","","","","0.268","Thu, 27 Apr 2023 17:51:44 GMT","","","","","1.1","","","","","","https://heartlandk9s.org/wp-content/uploads/cache/2021/03/IMG_7689/1307659077.jpg","2026-09-13 10:32:02"
"https://heartlandk9s.org/wp-content/uploads/2021/03/DSC0809-scaled.jpeg","image/jpeg","200","OK","Indexable","","","0","0","","0","0","","0","0","","0","","0","","0","","0","","0","","","","","","","","","","619057","619057","619057","91.744","","0","","","","","0.000","2","4","","1","1","0","5.260","0","0","0","0","0","0","","","","","","0.286","Mon, 16 Jun 2025 22:37:56 GMT","","","","","1.1","","","","","","https://heartlandk9s.org/wp-content/uploads/2021/03/DSC0809-scaled.jpeg","2026-09-13 10:32:02"
"https://heartlandk9s.org/wp-content/uploads/2021/03/328692330_576486077664770_6030566192957191494_n.jpg","image/jpeg","200","OK","Indexable","","","0","0","","0","0","","0","0","","0","","0","","0","","0","","0","","","","","","","","","","54548","54548","54548","8.084","","0","","","","","0.000","2","4","","1","1","0","5.260","0","0","0","0","0","0","","","","","","0.278","Tue, 07 Feb 2023 16:18:06 GMT","","","","","1.1","","","","","","https://heartlandk9s.org/wp-content/uploads/2021/03/328692330_576486077664770_6030566192957191494_n.jpg","2026-09-13 10:32:02"
"https://heartlandk9s.org/wp-content/uploads/2021/03/DSC0966-scaled.jpeg","image/jpeg","200","OK","Indexable","","","0","0","","0","0","","0","0","","0","","0","","0","","0","","0","","","","","","","","","","531728","531728","531728","78.802","","0","","","","","0.000","2","4","","1","1","0","5.260","0","0","0","0","0","0","","","","","","0.311","Mon, 16 Jun 2025 22:16:04 GMT","","","","","1.1","","","","","","https://heartlandk9s.org/wp-content/uploads/2021/03/DSC0966-scaled.jpeg","2026-09-13 10:32:02"
"https://heartlandk9s.org/wp-content/uploads/cache/2021/03/DSC0908-scaled/2472320330.jpeg","image/jpeg","200","OK","Indexable","","","0","0","","0","0","","0","0","","0","","0","","0","","0","","0","","","","","","","","","","88405","88405","88405","13.102","","0","","","","","0.000","2","6","","0","0","0","0.000","0","0","0","0","0","0","","","","","","0.426","Tue, 17 Jun 2025 02:38:51 GMT","","","","","1.1","","","","","","https://heartlandk9s.org/wp-content/uploads/cache/2021/03/DSC0908-scaled/2472320330.jpeg","2026-09-13 10:32:02"
"https://heartlandk9s.org/wp-content/uploads/cache/2021/03/DSC0915-scaled/1855311624.jpeg","image/jpeg","200","OK","Indexable","","","0","0","","0","0","","0","0","","0","","0","","0","","0","","0","","","","","","","","","","88162","88162","88162","13.066","","0","","","","","0.000","2","6","","0","0","0","0.000","0","0","0","0","0","0","","","","","","0.524","Tue, 17 Jun 2025 02:38:51 GMT","","","","","1.1","","","","","","https://heartlandk9s.org/wp-content/uploads/cache/2021/03/DSC0915-scaled/1855311624.jpeg","2026-09-13 10:32:02"
"https://heartlandk9s.org/wp-content/uploads/cache/2021/03/DSC0256-scaled/1266128696.jpeg","image/jpeg","200","OK","Indexable","","","0","0","","0","0","","0","0","","0","","0","","0","","0","","0","","","","","","","","","","89675","89675","89675","13.290","","0","","","","","0.000","2","6","","0","0","0","0.000","0","0","0","0","0","0","","","","","","0.517","Tue, 17 Jun 2025 02:38:40 GMT","","","","","1.1","","","","","","https://heartlandk9s.org/wp-content/uploads/cache/2021/03/DSC0256-scaled/1266128696.jpeg","2026-09-13 10:32:02"
"https://heartlandk9s.org/wp-content/uploads/cache/2021/03/DSC0917-scaled/3164543192.jpeg","image/jpeg","200","OK","Indexable","","","0","0","","0","0","","0","0","","0","","0","","0","","0","","0","","","","","","","","","","87126","87126","87126","12.912","","0","","","","","0.000","2","6","","0","0","0","0.000","0","0","0","0","0","0","","","","","","0.709","Tue, 17 Jun 2025 02:38:50 GMT","","","","","1.1","","","","","","https://heartlandk9s.org/wp-content/uploads/cache/2021/03/DSC0917-scaled/3164543192.jpeg","2026-09-13 10:32:02"
"https://heartlandk9s.org/wp-content/uploads/cache/2021/03/329146424_892016148510128_3782328147530088947_n/2642684302.jpg","image/jpeg","200","OK","Indexable","","","0","0","","0","0","","0","0","","0","","0","","0","","0","","0","","","","","","","","","","10121","10121","10121","1.500","","0","","","","","0.000","2","6","","0","0","0","0.000","0","0","0","0","0","0","","","","","","0.456","Thu, 02 Mar 2023 02:30:18 GMT","","","","","1.1","","","","","","https://heartlandk9s.org/wp-content/uploads/cache/2021/03/329146424_892016148510128_3782328147530088947_n/2642684302.jpg","2026-09-13 10:32:03"
"https://heartlandk9s.org/wp-content/uploads/cache/2021/03/DSC0828-scaled/3201604649.jpeg","image/jpeg","200","OK","Indexable","","","0","0","","0","0","","0","0","","0","","0","","0","","0","","0","","","","","","","","","","88282","88282","88282","13.083","","0","","","","","0.000","2","6","","0","0","0","0.000","0","0","0","0","0","0","","","","","","0.374","Tue, 17 Jun 2025 14:41:55 GMT","","","","","1.1","","","","","","https://heartlandk9s.org/wp-content/uploads/cache/2021/03/DSC0828-scaled/3201604649.jpeg","2026-09-13 10:32:03"
"https://heartlandk9s.org/wp-content/uploads/cache/2021/03/DSC0834-scaled/889545156.jpeg","image/jpeg","200","OK","Indexable","","","0","0","","0","0","","0","0","","0","","0","","0","","0","","0","","","","","","","","","","88534","88534","88534","13.121","","0","","","","","0.000","2","6","","0","0","0","0.000","0","0","0","0","0","0","","","","","","0.379","Tue, 17 Jun 2025 14:41:54 GMT","","","","","1.1","","","","","","https://heartlandk9s.org/wp-content/uploads/cache/2021/03/DSC0834-scaled/889545156.jpeg","2026-09-13 10:32:03"
"https://heartlandk9s.org/wp-content/uploads/2021/03/903A0477-scaled.jpg","image/jpeg","200","OK","Indexable","","","0","0","","0","0","","0","0","","0","","0","","0","","0","","0","","","","","","","","","","818201","818201","818201","121.257","","0","","","","","0.000","2","4","","1","1","0","5.260","0","0","0","0","0","0","","","","","","0.261","Thu, 27 Apr 2023 17:15:20 GMT","","","","","1.1","","","","","","https://heartlandk9s.org/wp-content/uploads/2021/03/903A0477-scaled.jpg","2026-09-13 10:32:03"
"https://heartlandk9s.org/wp-content/uploads/2021/03/IMG_curlyvest-scaled.jpg","image/jpeg","200","OK","Indexable","","","0","0","","0","0","","0","0","","0","","0","","0","","0","","0","","","","","","","","","","505049","505049","505049","74.848","","0","","","","","0.000","2","4","","1","1","0","5.260","0","0","0","0","0","0","","","","","","0.239","Wed, 24 Mar 2021 19:15:28 GMT","","","","","1.1","","","","","","https://heartlandk9s.org/wp-content/uploads/2021/03/IMG_curlyvest-scaled.jpg","2026-09-13 10:32:03"
"https://heartlandk9s.org/wp-content/uploads/cache/2021/03/DSC0054-scaled/1281481676.jpeg","image/jpeg","200","OK","Indexable","","","0","0","","0","0","","0","0","","0","","0","","0","","0","","0","","","","","","","","","","88366","88366","88366","13.096","","0","","","","","0.000","2","6","","0","0","0","0.000","0","0","0","0","0","0","","","","","","0.251","Tue, 17 Jun 2025 02:38:44 GMT","","","","","1.1","","","","","","https://heartlandk9s.org/wp-content/uploads/cache/2021/03/DSC0054-scaled/1281481676.jpeg","2026-09-13 10:32:03"
"https://heartlandk9s.org/wp-content/uploads/2021/03/DSC0805-scaled.jpeg","image/jpeg","200","OK","Indexable","","","0","0","","0","0","","0","0","","0","","0","","0","","0","","0","","","","","","","","","","438275","438275","438275","64.952","","0","","","","","0.000","2","4","","1","1","0","5.260","0","0","0","0","0","0","","","","","","0.246","Mon, 16 Jun 2025 22:39:14 GMT","","","","","1.1","","","","","","https://heartlandk9s.org/wp-content/uploads/2021/03/DSC0805-scaled.jpeg","2026-09-13 10:32:03"
"https://heartlandk9s.org/wp-content/uploads/2021/03/IMG-7973-scaled.jpg","image/jpeg","200","OK","Indexable","","","0","0","","0","0","","0","0","","0","","0","","0","","0","","0","","","","","","","","","","557973","557973","557973","82.692","","0","","","","","0.000","2","4","","1","1","0","5.260","0","0","0","0","0","0","","","","","","0.248","Thu, 05 Jan 2023 15:58:31 GMT","","","","","1.1","","","","","","https://heartlandk9s.org/wp-content/uploads/2021/03/IMG-7973-scaled.jpg","2026-09-13 10:32:03"
"https://heartlandk9s.org/wp-content/uploads/cache/2021/03/DSC0869-scaled/553189249.jpeg","image/jpeg","200","OK","Indexable","","","0","0","","0","0","","0","0","","0","","0","","0","","0","","0","","","","","","","","","","88971","88971","88971","13.186","","0","","","","","0.000","2","6","","0","0","0","0.000","0","0","0","0","0","0","","","","","","0.245","Tue, 17 Jun 2025 02:38:52 GMT","","","","","1.1","","","","","","https://heartlandk9s.org/wp-content/uploads/cache/2021/03/DSC0869-scaled/553189249.jpeg","2026-09-13 10:32:03"
"https://heartlandk9s.org/wp-content/uploads/cache/2021/03/DSC0259-scaled/2419524273.jpeg","image/jpeg","200","OK","Indexable","","","0","0","","0","0","","0","0","","0","","0","","0","","0","","0","","","","","","","","","","90889","90889","90889","13.470","","0","","","","","0.000","2","6","","0","0","0","0.000","0","0","0","0","0","0","","","","","","0.246","Tue, 17 Jun 2025 02:38:39 GMT","","","","","1.1","","","","","","https://heartlandk9s.org/wp-content/uploads/cache/2021/03/DSC0259-scaled/2419524273.jpeg","2026-09-13 10:32:03"
"https://heartlandk9s.org/wp-content/uploads/2021/03/Screenshot_20230206-202846_Video-Player.jpg","image/jpeg","200","OK","Indexable","","","0","0","","0","0","","0","0","","0","","0","","0","","0","","0","","","","","","","","","","645317","645317","645317","95.636","","0","","","","","0.000","2","4","","1","1","0","5.260","0","0","0","0","0","0","","","","","","0.249","Tue, 07 Feb 2023 16:14:10 GMT","","","","","1.1","","","","","","https://heartlandk9s.org/wp-content/uploads/2021/03/Screenshot_20230206-202846_Video-Player.jpg","2026-09-13 10:32:03"
"https://heartlandk9s.org/wp-content/uploads/2025/06/grad.jpg","image/jpeg","200","OK","Indexable","","","0","0","","0","0","","0","0","","0","","0","","0","","0","","0","","","","","","","","","","505233","505233","505233","74.876","","0","","","","","0.000","2","4","","1","1","0","5.260","0","0","0","0","0","0","","","","","","0.237","Mon, 16 Jun 2025 20:05:58 GMT","","","","","1.1","","","","","","https://heartlandk9s.org/wp-content/uploads/2025/06/grad.jpg","2026-09-13 10:32:04"
"https://heartlandk9s.org/wp-content/uploads/2025/01/2BD3EC8D-1E9A-4AA1-9A28-D78280CE66BC.jpeg","image/jpeg","200","OK","Indexable","","","0","0","","0","0","","0","0","","0","","0","","0","","0","","0","","","","","","","","","","99170","99170","99170","14.697","","0","","","","","0.000","2","4","","1","1","0","5.260","0","0","0","0","0","0","","","","","","0.265","Thu, 09 Jan 2025 18:03:20 GMT","","","","","1.1","","","","","","https://heartlandk9s.org/wp-content/uploads/2025/01/2BD3EC8D-1E9A-4AA1-9A28-D78280CE66BC.jpeg","2026-09-13 10:32:04"
"https://heartlandk9s.org/wp-content/uploads/cache/2021/03/329042947_931927034929169_3232757778153128033_n/437458372.jpg","image/jpeg","200","OK","Indexable","","","0","0","","0","0","","0","0","","0","","0","","0","","0","","0","","","","","","","","","","8574","8574","8574","1.271","","0","","","","","0.000","2","6","","0","0","0","0.000","0","0","0","0","0","0","","","","","","0.260","Thu, 02 Mar 2023 02:30:18 GMT","","","","","1.1","","","","","","https://heartlandk9s.org/wp-content/uploads/cache/2021/03/329042947_931927034929169_3232757778153128033_n/437458372.jpg","2026-09-13 10:32:04"
"https://heartlandk9s.org/wp-content/uploads/2021/03/DSC0793-scaled.jpeg","image/jpeg","200","OK","Indexable","","","0","0","","0","0","","0","0","","0","","0","","0","","0","","0","","","","","","","","","","375235","375235","375235","55.610","","0","","","","","0.000","2","4","","1","1","0","5.260","0","0","0","0","0","0","","","","","","0.262","Mon, 16 Jun 2025 22:43:30 GMT","","","","","1.1","","","","","","https://heartlandk9s.org/wp-content/uploads/2021/03/DSC0793-scaled.jpeg","2026-09-13 10:32:04"
"https://heartlandk9s.org/wp-content/uploads/cache/2021/03/DSC0805-scaled/137573514.jpeg","image/jpeg","200","OK","Indexable","","","0","0","","0","0","","0","0","","0","","0","","0","","0","","0","","","","","","","","","","86857","86857","86857","12.872","","0","","","","","0.000","2","6","","0","0","0","0.000","0","0","0","0","0","0","","","","","","0.253","Tue, 17 Jun 2025 14:41:58 GMT","","","","","1.1","","","","","","https://heartlandk9s.org/wp-content/uploads/cache/2021/03/DSC0805-scaled/137573514.jpeg","2026-09-13 10:32:04"
"https://heartlandk9s.org/wp-content/uploads/cache/2021/03/DSC0844-scaled/2962259657.jpeg","image/jpeg","200","OK","Indexable","","","0","0","","0","0","","0","0","","0","","0","","0","","0","","0","","","","","","","","","","88011","88011","88011","13.043","","0","","","","","0.000","2","6","","0","0","0","0.000","0","0","0","0","0","0","","","","","","0.248","Tue, 17 Jun 2025 02:38:54 GMT","","","","","1.1","","","","","","https://heartlandk9s.org/wp-content/uploads/cache/2021/03/DSC0844-scaled/2962259657.jpeg","2026-09-13 10:32:04"
"https://heartlandk9s.org/wp-content/uploads/cache/2021/03/329519127_592698582190879_3851980048173136353_n/1418707835.jpg","image/jpeg","200","OK","Indexable","","","0","0","","0","0","","0","0","","0","","0","","0","","0","","0","","","","","","","","","","7366","7366","7366","1.092","","0","","","","","0.000","2","6","","0","0","0","0.000","0","0","0","0","0","0","","","","","","0.253","Thu, 02 Mar 2023 02:30:18 GMT","","","","","1.1","","","","","","https://heartlandk9s.org/wp-content/uploads/cache/2021/03/329519127_592698582190879_3851980048173136353_n/1418707835.jpg","2026-09-13 10:32:04"
"https://heartlandk9s.org/wp-content/uploads/cache/2022/12/vet-parade/2474158768.jpg","image/jpeg","200","OK","Indexable","","","0","0","","0","0","","0","0","","0","","0","","0","","0","","0","","","","","","","","","","10804","10804","10804","1.601","","0","","","","","0.000","2","6","","0","0","0","0.000","0","0","0","0","0","0","","","","","","0.261","Thu, 02 Mar 2023 02:30:17 GMT","","","","","1.1","","","","","","https://heartlandk9s.org/wp-content/uploads/cache/2022/12/vet-parade/2474158768.jpg","2026-09-13 10:32:04"
"https://heartlandk9s.org/wp-content/uploads/cache/2021/03/DSC0206-scaled/2808994513.jpeg","image/jpeg","200","OK","Indexable","","","0","0","","0","0","","0","0","","0","","0","","0","","0","","0","","","","","","","","","","89752","89752","89752","13.301","","0","","","","","0.000","2","6","","0","0","0","0.000","0","0","0","0","0","0","","","","","","0.237","Tue, 17 Jun 2025 02:38:41 GMT","","","","","1.1","","","","","","https://heartlandk9s.org/wp-content/uploads/cache/2021/03/DSC0206-scaled/2808994513.jpeg","2026-09-13 10:32:04"
"https://heartlandk9s.org/wp-content/uploads/2021/03/DSC0243-scaled.jpeg","image/jpeg","200","OK","Indexable","","","0","0","","0","0","","0","0","","0","","0","","0","","0","","0","","","","","","","","","","375555","375555","375555","55.657","","0","","","","","0.000","2","4","","1","1","0","5.260","0","0","0","0","0","0","","","","","","0.248","Mon, 16 Jun 2025 22:03:10 GMT","","","","","1.1","","","","","","https://heartlandk9s.org/wp-content/uploads/2021/03/DSC0243-scaled.jpeg","2026-09-13 10:32:04"
"https://heartlandk9s.org/wp-content/uploads/2021/03/123_13.jpeg","image/jpeg","200","OK","Indexable","","","0","0","","0","0","","0","0","","0","","0","","0","","0","","0","","","","","","","","","","752275","752275","752275","111.487","","0","","","","","0.000","2","4","","1","1","0","5.260","0","0","0","0","0","0","","","","","","0.243","Thu, 27 Apr 2023 17:14:04 GMT","","","","","1.1","","","","","","https://heartlandk9s.org/wp-content/uploads/2021/03/123_13.jpeg","2026-09-13 10:32:04"
"https://heartlandk9s.org/wp-content/uploads/2021/03/DSC0796-scaled.jpeg","image/jpeg","200","OK","Indexable","","","0","0","","0","0","","0","0","","0","","0","","0","","0","","0","","","","","","","","","","615713","615713","615713","91.249","","0","","","","","0.000","2","4","","1","1","0","5.260","0","0","0","0","0","0","","","","","","0.254","Mon, 16 Jun 2025 22:42:25 GMT","","","","","1.1","","","","","","https://heartlandk9s.org/wp-content/uploads/2021/03/DSC0796-scaled.jpeg","2026-09-13 10:32:04"
"https://heartlandk9s.org/wp-content/uploads/cache/2021/03/329046611_1832257997155208_8198298589365974073_n/3826463354.jpg","image/jpeg","200","OK","Indexable","","","0","0","","0","0","","0","0","","0","","0","","0","","0","","0","","","","","","","","","","10919","10919","10919","1.618","","0","","","","","0.000","2","6","","0","0","0","0.000","0","0","0","0","0","0","","","","","","0.265","Thu, 02 Mar 2023 02:30:18 GMT","","","","","1.1","","","","","","https://heartlandk9s.org/wp-content/uploads/cache/2021/03/329046611_1832257997155208_8198298589365974073_n/3826463354.jpg","2026-09-13 10:32:04"
"https://heartlandk9s.org/wp-content/uploads/2021/03/DSC0908-scaled.jpeg","image/jpeg","200","OK","Indexable","","","0","0","","0","0","","0","0","","0","","0","","0","","0","","0","","","","","","","","","","615619","615619","615619","91.235","","0","","","","","0.000","2","4","","1","1","0","5.260","0","0","0","0","0","0","","","","","","0.259","Mon, 16 Jun 2025 22:22:21 GMT","","","","","1.1","","","","","","https://heartlandk9s.org/wp-content/uploads/2021/03/DSC0908-scaled.jpeg","2026-09-13 10:32:04"
"https://heartlandk9s.org/wp-content/uploads/2021/03/DSC0161-scaled.jpeg","image/jpeg","200","OK","Indexable","","","0","0","","0","0","","0","0","","0","","0","","0","","0","","0","","","","","","","","","","401393","401393","401393","59.486","","0","","","","","0.000","2","4","","1","1","0","5.260","0","0","0","0","0","0","","","","","","0.251","Mon, 16 Jun 2025 22:06:26 GMT","","","","","1.1","","","","","","https://heartlandk9s.org/wp-content/uploads/2021/03/DSC0161-scaled.jpeg","2026-09-13 10:32:04"
"https://heartlandk9s.org/wp-content/uploads/2021/03/DSC0799-scaled.jpeg","image/jpeg","200","OK","Indexable","","","0","0","","0","0","","0","0","","0","","0","","0","","0","","0","","","","","","","","","","634096","634096","634096","93.973","","0","","","","","0.000","2","4","","1","1","0","5.260","0","0","0","0","0","0","","","","","","0.250","Mon, 16 Jun 2025 22:41:22 GMT","","","","","1.1","","","","","","https://heartlandk9s.org/wp-content/uploads/2021/03/DSC0799-scaled.jpeg","2026-09-13 10:32:04"
"https://heartlandk9s.org/wp-content/uploads/2021/03/Screenshot_20230206-202846_Video-Player-1.jpg","image/jpeg","200","OK","Indexable","","","0","0","","0","0","","0","0","","0","","0","","0","","0","","0","","","","","","","","","","645317","645317","645317","95.636","","0","","","","","0.000","2","4","","1","1","0","5.260","0","0","0","0","0","0","","","","","","0.266","Tue, 07 Feb 2023 16:15:05 GMT","","","","","1.1","","","","","","https://heartlandk9s.org/wp-content/uploads/2021/03/Screenshot_20230206-202846_Video-Player-1.jpg","2026-09-13 10:32:05"
"https://heartlandk9s.org/wp-content/uploads/2022/12/justin.jpg","image/jpeg","200","OK","Indexable","","","0","0","","0","0","","0","0","","0","","0","","0","","0","","0","","","","","","","","","","685647","685647","685647","101.613","","0","","","","","0.000","2","4","","1","1","0","5.260","0","0","0","0","0","0","","","","","","0.258","Sat, 17 Dec 2022 21:34:02 GMT","","","","","1.1","","","","","","https://heartlandk9s.org/wp-content/uploads/2022/12/justin.jpg","2026-09-13 10:32:05"
"https://heartlandk9s.org/wp-content/uploads/cache/2021/03/DSC0057-scaled/2606135531.jpeg","image/jpeg","200","OK","Indexable","","","0","0","","0","0","","0","0","","0","","0","","0","","0","","0","","","","","","","","","","87467","87467","87467","12.963","","0","","","","","0.000","2","6","","0","0","0","0.000","0","0","0","0","0","0","","","","","","0.269","Tue, 17 Jun 2025 02:38:44 GMT","","","","","1.1","","","","","","https://heartlandk9s.org/wp-content/uploads/cache/2021/03/DSC0057-scaled/2606135531.jpeg","2026-09-13 10:32:05"
"https://heartlandk9s.org/wp-content/uploads/2021/03/arlegoin3.jpg","image/jpeg","200","OK","Indexable","","","0","0","","0","0","","0","0","","0","","0","","0","","0","","0","","","","","","","","","","260474","260474","260474","38.602","","0","","","","","0.000","2","4","","1","1","0","5.260","0","0","0","0","0","0","","","","","","0.273","Wed, 24 Mar 2021 18:43:01 GMT","","","","","1.1","","","","","","https://heartlandk9s.org/wp-content/uploads/2021/03/arlegoin3.jpg","2026-09-13 10:32:05"
"https://heartlandk9s.org/wp-content/uploads/cache/2021/03/IMG-7971-scaled/2331053393.jpg","image/jpeg","200","OK","Indexable","","","0","0","","0","0","","0","0","","0","","0","","0","","0","","0","","","","","","","","","","20257","20257","20257","3.002","","0","","","","","0.000","2","6","","0","0","0","0.000","0","0","0","0","0","0","","","","","","0.260","Thu, 02 Mar 2023 02:30:18 GMT","","","","","1.1","","","","","","https://heartlandk9s.org/wp-content/uploads/cache/2021/03/IMG-7971-scaled/2331053393.jpg","2026-09-13 10:32:05"
"https://heartlandk9s.org/wp-content/uploads/cache/2021/03/329097304_625581989614335_327909721061889155_n/3142556936.jpg","image/jpeg","200","OK","Indexable","","","0","0","","0","0","","0","0","","0","","0","","0","","0","","0","","","","","","","","","","9957","9957","9957","1.476","","0","","","","","0.000","2","6","","0","0","0","0.000","0","0","0","0","0","0","","","","","","0.260","Thu, 02 Mar 2023 02:30:18 GMT","","","","","1.1","","","","","","https://heartlandk9s.org/wp-content/uploads/cache/2021/03/329097304_625581989614335_327909721061889155_n/3142556936.jpg","2026-09-13 10:32:05"
"https://heartlandk9s.org/wp-content/uploads/2025/01/469965036_598815635990782_1987363041355702480_n.jpg","image/jpeg","200","OK","Indexable","","","0","0","","0","0","","0","0","","0","","0","","0","","0","","0","","","","","","","","","","436401","436401","436401","64.675","","0","","","","","0.000","2","4","","1","1","0","5.260","0","0","0","0","0","0","","","","","","0.264","Thu, 09 Jan 2025 00:37:58 GMT","","","","","1.1","","","","","","https://heartlandk9s.org/wp-content/uploads/2025/01/469965036_598815635990782_1987363041355702480_n.jpg","2026-09-13 10:32:05"
"https://heartlandk9s.org/wp-content/uploads/cache/2022/12/larryarchie/2446214796.jpg","image/jpeg","200","OK","Indexable","","","0","0","","0","0","","0","0","","0","","0","","0","","0","","0","","","","","","","","","","9575","9575","9575","1.419","","0","","","","","0.000","2","6","","0","0","0","0.000","0","0","0","0","0","0","","","","","","0.276","Thu, 02 Mar 2023 02:30:17 GMT","","","","","1.1","","","","","","https://heartlandk9s.org/wp-content/uploads/cache/2022/12/larryarchie/2446214796.jpg","2026-09-13 10:32:05"
"https://heartlandk9s.org/wp-content/uploads/cache/2021/03/DSC0945-scaled/1690580049.jpeg","image/jpeg","200","OK","Indexable","","","0","0","","0","0","","0","0","","0","","0","","0","","0","","0","","","","","","","","","","87126","87126","87126","12.912","","0","","","","","0.000","2","6","","0","0","0","0.000","0","0","0","0","0","0","","","","","","0.261","Tue, 17 Jun 2025 02:38:49 GMT","","","","","1.1","","","","","","https://heartlandk9s.org/wp-content/uploads/cache/2021/03/DSC0945-scaled/1690580049.jpeg","2026-09-13 10:32:05"
"https://heartlandk9s.org/wp-content/uploads/2021/03/DSC0851-scaled.jpeg","image/jpeg","200","OK","Indexable","","","0","0","","0","0","","0","0","","0","","0","","0","","0","","0","","","","","","","","","","587950","587950","587950","87.134","","0","","","","","0.000","2","4","","1","1","0","5.260","0","0","0","0","0","0","","","","","","0.294","Mon, 16 Jun 2025 22:26:21 GMT","","","","","1.1","","","","","","https://heartlandk9s.org/wp-content/uploads/2021/03/DSC0851-scaled.jpeg","2026-09-13 10:32:05"
"https://heartlandk9s.org/wp-content/uploads/2021/03/billy-scaled.jpeg","image/jpeg","200","OK","Indexable","","","0","0","","0","0","","0","0","","0","","0","","0","","0","","0","","","","","","","","","","423309","423309","423309","62.734","","0","","","","","0.000","2","4","","1","1","0","5.260","0","0","0","0","0","0","","","","","","0.254","Mon, 16 Jun 2025 22:45:44 GMT","","","","","1.1","","","","","","https://heartlandk9s.org/wp-content/uploads/2021/03/billy-scaled.jpeg","2026-09-13 10:32:05"
"https://heartlandk9s.org/wp-content/uploads/cache/2021/03/DSC0811-scaled/3186558462.jpeg","image/jpeg","200","OK","Indexable","","","0","0","","0","0","","0","0","","0","","0","","0","","0","","0","","","","","","","","","","86538","86538","86538","12.825","","0","","","","","0.000","2","6","","0","0","0","0.000","0","0","0","0","0","0","","","","","","0.255","Tue, 17 Jun 2025 14:41:57 GMT","","","","","1.1","","","","","","https://heartlandk9s.org/wp-content/uploads/cache/2021/03/DSC0811-scaled/3186558462.jpeg","2026-09-13 10:32:05"
"https://heartlandk9s.org/wp-content/uploads/2021/03/329042947_931927034929169_3232757778153128033_n.jpg","image/jpeg","200","OK","Indexable","","","0","0","","0","0","","0","0","","0","","0","","0","","0","","0","","","","","","","","","","70428","70428","70428","10.437","","0","","","","","0.000","2","4","","1","1","0","5.260","0","0","0","0","0","0","","","","","","0.249","Tue, 07 Feb 2023 16:18:08 GMT","","","","","1.1","","","","","","https://heartlandk9s.org/wp-content/uploads/2021/03/329042947_931927034929169_3232757778153128033_n.jpg","2026-09-13 10:32:05"
"https://heartlandk9s.org/wp-content/uploads/2021/03/DSC0971-scaled.jpeg","image/jpeg","200","OK","Indexable","","","0","0","","0","0","","0","0","","0","","0","","0","","0","","0","","","","","","","","","","530035","530035","530035","78.551","","0","","","","","0.000","2","4","","1","1","0","5.260","0","0","0","0","0","0","","","","","","0.261","Mon, 16 Jun 2025 22:15:00 GMT","","","","","1.1","","","","","","https://heartlandk9s.org/wp-content/uploads/2021/03/DSC0971-scaled.jpeg","2026-09-13 10:32:05"
"https://heartlandk9s.org/wp-content/uploads/2021/03/329519127_592698582190879_3851980048173136353_n.jpg","image/jpeg","200","OK","Indexable","","","0","0","","0","0","","0","0","","0","","0","","0","","0","","0","","","","","","","","","","85912","85912","85912","12.732","","0","","","","","0.000","2","4","","1","1","0","5.260","0","0","0","0","0","0","","","","","","0.247","Tue, 07 Feb 2023 16:18:19 GMT","","","","","1.1","","","","","","https://heartlandk9s.org/wp-content/uploads/2021/03/329519127_592698582190879_3851980048173136353_n.jpg","2026-09-13 10:32:05"
"https://heartlandk9s.org/wp-content/uploads/cache/2021/03/DSC0012-scaled/3777124714.jpeg","image/jpeg","200","OK","Indexable","","","0","0","","0","0","","0","0","","0","","0","","0","","0","","0","","","","","","","","","","90144","90144","90144","13.359","","0","","","","","0.000","2","6","","0","0","0","0.000","0","0","0","0","0","0","","","","","","0.274","Tue, 17 Jun 2025 02:38:46 GMT","","","","","1.1","","","","","","https://heartlandk9s.org/wp-content/uploads/cache/2021/03/DSC0012-scaled/3777124714.jpeg","2026-09-13 10:32:05"
"https://heartlandk9s.org/wp-content/uploads/2021/03/329046611_1832257997155208_8198298589365974073_n.jpg","image/jpeg","200","OK","Indexable","","","0","0","","0","0","","0","0","","0","","0","","0","","0","","0","","","","","","","","","","92212","92212","92212","13.666","","0","","","","","0.000","2","4","","1","1","0","5.260","0","0","0","0","0","0","","","","","","0.276","Tue, 07 Feb 2023 16:18:09 GMT","","","","","1.1","","","","","","https://heartlandk9s.org/wp-content/uploads/2021/03/329046611_1832257997155208_8198298589365974073_n.jpg","2026-09-13 10:32:05"
"https://heartlandk9s.org/wp-content/uploads/cache/2021/03/DSC0861-scaled/2903799579.jpeg","image/jpeg","200","OK","Indexable","","","0","0","","0","0","","0","0","","0","","0","","0","","0","","0","","","","","","","","","","9405","9405","9405","1.394","","0","","","","","0.000","2","6","","0","0","0","0.000","0","0","0","0","0","0","","","","","","0.240","Tue, 17 Jun 2025 02:38:53 GMT","","","","","1.1","","","","","","https://heartlandk9s.org/wp-content/uploads/cache/2021/03/DSC0861-scaled/2903799579.jpeg","2026-09-13 10:32:06"
"https://heartlandk9s.org/wp-content/uploads/cache/2021/03/DSC0086-scaled/1915402459.jpeg","image/jpeg","200","OK","Indexable","","","0","0","","0","0","","0","0","","0","","0","","0","","0","","0","","","","","","","","","","89726","89726","89726","13.297","","0","","","","","0.000","2","6","","0","0","0","0.000","0","0","0","0","0","0","","","","","","0.249","Tue, 17 Jun 2025 02:38:42 GMT","","","","","1.1","","","","","","https://heartlandk9s.org/wp-content/uploads/cache/2021/03/DSC0086-scaled/1915402459.jpeg","2026-09-13 10:32:06"
"https://heartlandk9s.org/wp-content/uploads/cache/2021/03/DSC0036-scaled/1249534028.jpeg","image/jpeg","200","OK","Indexable","","","0","0","","0","0","","0","0","","0","","0","","0","","0","","0","","","","","","","","","","89354","89354","89354","13.242","","0","","","","","0.000","2","6","","0","0","0","0.000","0","0","0","0","0","0","","","","","","0.244","Tue, 17 Jun 2025 02:38:45 GMT","","","","","1.1","","","","","","https://heartlandk9s.org/wp-content/uploads/cache/2021/03/DSC0036-scaled/1249534028.jpeg","2026-09-13 10:32:06"
"https://heartlandk9s.org/wp-content/uploads/2021/03/DSC0834-scaled.jpeg","image/jpeg","200","OK","Indexable","","","0","0","","0","0","","0","0","","0","","0","","0","","0","","0","","","","","","","","","","564961","564961","564961","83.727","","0","","","","","0.000","2","4","","1","1","0","5.260","0","0","0","0","0","0","","","","","","0.265","Mon, 16 Jun 2025 22:29:36 GMT","","","","","1.1","","","","","","https://heartlandk9s.org/wp-content/uploads/2021/03/DSC0834-scaled.jpeg","2026-09-13 10:32:06"
"https://heartlandk9s.org/wp-content/uploads/2025/05/496009229_708289025043442_6654562698047626934_n.jpg","image/jpeg","200","OK","Indexable","","","0","0","","0","0","","0","0","","0","","0","","0","","0","","0","","","","","","","","","","400192","400192","400192","59.308","","0","","","","","0.000","2","4","","1","1","0","5.260","0","0","0","0","0","0","","","","","","0.254","Thu, 29 May 2025 03:53:06 GMT","","","","","1.1","","","","","","https://heartlandk9s.org/wp-content/uploads/2025/05/496009229_708289025043442_6654562698047626934_n.jpg","2026-09-13 10:32:06"
"https://heartlandk9s.org/wp-content/uploads/cache/2021/03/DSC0829-scaled/1159134987.jpeg","image/jpeg","200","OK","Indexable","","","0","0","","0","0","","0","0","","0","","0","","0","","0","","0","","","","","","","","","","87829","87829","87829","13.016","","0","","","","","0.000","2","6","","0","0","0","0.000","0","0","0","0","0","0","","","","","","0.258","Tue, 17 Jun 2025 14:41:55 GMT","","","","","1.1","","","","","","https://heartlandk9s.org/wp-content/uploads/cache/2021/03/DSC0829-scaled/1159134987.jpeg","2026-09-13 10:32:06"
"https://heartlandk9s.org/wp-content/uploads/2021/03/PandM.jpg","image/jpeg","200","OK","Indexable","","","0","0","","0","0","","0","0","","0","","0","","0","","0","","0","","","","","","","","","","542143","542143","542143","80.346","","0","","","","","0.000","2","4","","1","1","0","5.260","0","0","0","0","0","0","","","","","","0.243","Mon, 16 Jun 2025 20:20:40 GMT","","","","","1.1","","","","","","https://heartlandk9s.org/wp-content/uploads/2021/03/PandM.jpg","2026-09-13 10:32:06"
"https://heartlandk9s.org/wp-content/uploads/2021/03/IMG-7971-scaled.jpg","image/jpeg","200","OK","Indexable","","","0","0","","0","0","","0","0","","0","","0","","0","","0","","0","","","","","","","","","","508925","508925","508925","75.423","","0","","","","","0.000","2","4","","1","1","0","5.260","0","0","0","0","0","0","","","","","","0.260","Thu, 05 Jan 2023 15:58:47 GMT","","","","","1.1","","","","","","https://heartlandk9s.org/wp-content/uploads/2021/03/IMG-7971-scaled.jpg","2026-09-13 10:32:06"
"https://heartlandk9s.org/wp-content/uploads/2021/03/DSC0219-scaled.jpeg","image/jpeg","200","OK","Indexable","","","0","0","","0","0","","0","0","","0","","0","","0","","0","","0","","","","","","","","","","479596","479596","479596","71.076","","0","","","","","0.000","2","4","","1","1","0","5.260","0","0","0","0","0","0","","","","","","0.254","Mon, 16 Jun 2025 22:04:15 GMT","","","","","1.1","","","","","","https://heartlandk9s.org/wp-content/uploads/2021/03/DSC0219-scaled.jpeg","2026-09-13 10:32:06"
"https://heartlandk9s.org/wp-content/uploads/2021/03/DSC0054-scaled.jpeg","image/jpeg","200","OK","Indexable","","","0","0","","0","0","","0","0","","0","","0","","0","","0","","0","","","","","","","","","","461308","461308","461308","68.366","","0","","","","","0.000","2","4","","1","1","0","5.260","0","0","0","0","0","0","","","","","","0.274","Mon, 16 Jun 2025 22:09:42 GMT","","","","","1.1","","","","","","https://heartlandk9s.org/wp-content/uploads/2021/03/DSC0054-scaled.jpeg","2026-09-13 10:32:06"
"https://heartlandk9s.org/wp-content/uploads/cache/2021/03/328692330_576486077664770_6030566192957191494_n/2670306523.jpg","image/jpeg","200","OK","Indexable","","","0","0","","0","0","","0","0","","0","","0","","0","","0","","0","","","","","","","","","","7485","7485","7485","1.109","","0","","","","","0.000","2","6","","0","0","0","0.000","0","0","0","0","0","0","","","","","","0.250","Thu, 02 Mar 2023 02:30:18 GMT","","","","","1.1","","","","","","https://heartlandk9s.org/wp-content/uploads/cache/2021/03/328692330_576486077664770_6030566192957191494_n/2670306523.jpg","2026-09-13 10:32:06"
"https://heartlandk9s.org/wp-content/uploads/2020/01/dog-with-sash-1.jpg","image/jpeg","200","OK","Indexable","","","0","0","","0","0","","0","0","","0","","0","","0","","0","","0","","","","","","","","","","67807","67807","67807","10.049","","0","","","","","0.000","3","4","","0","0","0","0.000","0","0","0","0","0","0","","","","","","0.249","Mon, 27 Jan 2020 22:21:00 GMT","","","","","1.1","","","","","","https://heartlandk9s.org/wp-content/uploads/2020/01/dog-with-sash-1.jpg","2026-09-13 10:32:06"
"https://heartlandk9s.org/wp-content/uploads/2026/01/1000016218-300x225.jpg","image/jpeg","200","OK","Indexable","","","0","0","","0","0","","0","0","","0","","0","","0","","0","","0","","","","","","","","","","23426","23426","23426","3.472","","0","","","","","0.000","3","4","","0","0","0","0.000","0","0","0","0","0","0","","","","","","0.238","Mon, 12 Jan 2026 03:32:23 GMT","","","","","1.1","","","","","","https://heartlandk9s.org/wp-content/uploads/2026/01/1000016218-300x225.jpg","2026-09-13 10:32:06"
"https://heartlandk9s.org/wp-content/uploads/2023/07/IMG_7689-225x300.jpg","image/jpeg","200","OK","Indexable","","","0","0","","0","0","","0","0","","0","","0","","0","","0","","0","","","","","","","","","","13452","13452","13452","1.994","","0","","","","","0.000","3","4","","0","0","0","0.000","0","0","0","0","0","0","","","","","","0.250","Mon, 17 Jul 2023 14:19:21 GMT","","","","","1.1","","","","","","https://heartlandk9s.org/wp-content/uploads/2023/07/IMG_7689-225x300.jpg","2026-09-13 10:32:06"
"https://heartlandk9s.org/wp-content/uploads/2026/02/635328658_921661253706217_8379646685389489216_n-225x300.jpg","image/jpeg","200","OK","Indexable","","","0","0","","0","0","","0","0","","0","","0","","0","","0","","0","","","","","","","","","","12130","12130","12130","1.798","","0","","","","","0.000","3","4","","0","0","0","0.000","0","0","0","0","0","0","","","","","","0.258","Wed, 18 Feb 2026 16:48:44 GMT","","","","","1.1","","","","","","https://heartlandk9s.org/wp-content/uploads/2026/02/635328658_921661253706217_8379646685389489216_n-225x300.jpg","2026-09-13 10:32:06"
"http://heartlandk9s.org/wp-content/uploads/2025/11/dogclass-300x171.webp","text/html","301","Moved Permanently","Non-Indexable","Redirected","","0","0","","0","0","","0","0","","0","","0","","0","","0","","0","","","","","","","","","","795","795","795","0.118","","0","","","","","0.000","3","4","","0","0","0","0.000","0","0","0","0","0","0","","","","","","0.168","","https://heartlandk9s.org/wp-content/uploads/2025/11/dogclass-300x171.webp","HTTP Redirect","","","1.1","","","","","","http://heartlandk9s.org/wp-content/uploads/2025/11/dogclass-300x171.webp","2026-09-13 10:32:06"
"http://heartlandk9s.org/wp-content/uploads/2025/11/1000009712-200x300.png","text/html","301","Moved Permanently","Non-Indexable","Redirected","","0","0","","0","0","","0","0","","0","","0","","0","","0","","0","","","","","","","","","","795","795","795","0.118","","0","","","","","0.000","3","4","","0","0","0","0.000","0","0","0","0","0","0","","","","","","0.151","","https://heartlandk9s.org/wp-content/uploads/2025/11/1000009712-200x300.png","HTTP Redirect","","","1.1","","","","","","http://heartlandk9s.org/wp-content/uploads/2025/11/1000009712-200x300.png","2026-09-13 10:32:07"
"http://heartlandk9s.org/wp-content/uploads/2025/11/1000009148-200x300.png","text/html","301","Moved Permanently","Non-Indexable","Redirected","","0","0","","0","0","","0","0","","0","","0","","0","","0","","0","","","","","","","","","","795","795","795","0.118","","0","","","","","0.000","3","4","","0","0","0","0.000","0","0","0","0","0","0","","","","","","0.157","","https://heartlandk9s.org/wp-content/uploads/2025/11/1000009148-200x300.png","HTTP Redirect","","","1.1","","","","","","http://heartlandk9s.org/wp-content/uploads/2025/11/1000009148-200x300.png","2026-09-13 10:32:07"
"http://heartlandk9s.org/wp-content/uploads/2025/11/1000009154-200x300.png","text/html","301","Moved Permanently","Non-Indexable","Redirected","","0","0","","0","0","","0","0","","0","","0","","0","","0","","0","","","","","","","","","","795","795","795","0.118","","0","","","","","0.000","3","4","","0","0","0","0.000","0","0","0","0","0","0","","","","","","0.156","","https://heartlandk9s.org/wp-content/uploads/2025/11/1000009154-200x300.png","HTTP Redirect","","","1.1","","","","","","http://heartlandk9s.org/wp-content/uploads/2025/11/1000009154-200x300.png","2026-09-13 10:32:07"
"https://heartlandk9s.org/wp-content/uploads/2021/03/arlegoin3-242x300.jpg","image/jpeg","200","OK","Indexable","","","0","0","","0","0","","0","0","","0","","0","","0","","0","","0","","","","","","","","","","90571","90571","90571","13.423","","0","","","","","0.000","3","4","","0","0","0","0.000","0","0","0","0","0","0","","","","","","0.245","Wed, 24 Mar 2021 18:43:02 GMT","","","","","1.1","","","","","","https://heartlandk9s.org/wp-content/uploads/2021/03/arlegoin3-242x300.jpg","2026-09-13 10:32:07"
"https://heartlandk9s.org/wp-content/uploads/2022/12/Paws-for-giving-300x300.png","image/png","200","OK","Indexable","","","0","0","","0","0","","0","0","","0","","0","","0","","0","","0","","","","","","","","","","43111","43111","43111","6.389","","0","","","","","0.000","3","4","","0","0","0","0.000","0","0","0","0","0","0","","","","","","0.242","Wed, 21 Dec 2022 20:22:58 GMT","","","","","1.1","","","","","","https://heartlandk9s.org/wp-content/uploads/2022/12/Paws-for-giving-300x300.png","2026-09-13 10:32:07"
"https://heartlandk9s.org/wp-content/uploads/2023/05/jack-300x61.jpg","image/jpeg","200","OK","Indexable","","","0","0","","0","0","","0","0","","0","","0","","0","","0","","0","","","","","","","","","","7294","7294","7294","1.081","","0","","","","","0.000","3","4","","0","0","0","0.000","0","0","0","0","0","0","","","","","","0.257","Wed, 10 May 2023 14:23:10 GMT","","","","","1.1","","","","","","https://heartlandk9s.org/wp-content/uploads/2023/05/jack-300x61.jpg","2026-09-13 10:32:07"
"https://heartlandk9s.org/wp-content/uploads/2025/11/Cover-200x300.png","image/png","200","OK","Indexable","","","0","0","","0","0","","0","0","","0","","0","","0","","0","","0","","","","","","","","","","109762","109762","109762","16.267","","0","","","","","0.000","3","4","","0","0","0","0.000","0","0","0","0","0","0","","","","","","0.269","Thu, 06 Nov 2025 01:01:05 GMT","","","","","1.1","","","","","","https://heartlandk9s.org/wp-content/uploads/2025/11/Cover-200x300.png","2026-09-13 10:32:07"
"https://heartlandk9s.org/wp-content/uploads/2023/03/313208610_628616078900677_690632272984197173_n-300x300.jpg","image/jpeg","200","OK","Indexable","","","0","0","","0","0","","0","0","","0","","0","","0","","0","","0","","","","","","","","","","10378","10378","10378","1.538","","0","","","","","0.000","3","4","","0","0","0","0.000","0","0","0","0","0","0","","","","","","0.286","Fri, 03 Mar 2023 16:26:28 GMT","","","","","1.1","","","","","","https://heartlandk9s.org/wp-content/uploads/2023/03/313208610_628616078900677_690632272984197173_n-300x300.jpg","2026-09-13 10:32:07"
"https://heartlandk9s.org/wp-content/uploads/2022/12/buds-300x225.jpg","image/jpeg","200","OK","Indexable","","","0","0","","0","0","","0","0","","0","","0","","0","","0","","0","","","","","","","","","","14660","14660","14660","2.173","","0","","","","","0.000","3","4","","0","0","0","0.000","0","0","0","0","0","0","","","","","","0.260","Sat, 17 Dec 2022 16:55:00 GMT","","","","","1.1","","","","","","https://heartlandk9s.org/wp-content/uploads/2022/12/buds-300x225.jpg","2026-09-13 10:32:07"
"https://heartlandk9s.org/wp-content/uploads/2023/05/OIP-300x261.jpg","image/jpeg","200","OK","Indexable","","","0","0","","0","0","","0","0","","0","","0","","0","","0","","0","","","","","","","","","","11936","11936","11936","1.769","","0","","","","","0.000","3","4","","0","0","0","0.000","0","0","0","0","0","0","","","","","","0.258","Wed, 10 May 2023 14:04:49 GMT","","","","","1.1","","","","","","https://heartlandk9s.org/wp-content/uploads/2023/05/OIP-300x261.jpg","2026-09-13 10:32:07"
"http://heartlandk9s.org/wp-content/uploads/2024/01/411130906_10228189590658501_1918452889683907811_n-300x300.jpg","text/html","301","Moved Permanently","Non-Indexable","Redirected","","0","0","","0","0","","0","0","","0","","0","","0","","0","","0","","","","","","","","","","795","795","795","0.118","","0","","","","","0.000","3","4","","0","0","0","0.000","0","0","0","0","0","0","","","","","","0.150","","https://heartlandk9s.org/wp-content/uploads/2024/01/411130906_10228189590658501_1918452889683907811_n-300x300.jpg","HTTP Redirect","","","1.1","","","","","","http://heartlandk9s.org/wp-content/uploads/2024/01/411130906_10228189590658501_1918452889683907811_n-300x300.jpg","2026-09-13 10:32:07"
"https://heartlandk9s.org/wp-content/uploads/2020/01/vet-with-dog.jpg","image/jpeg","200","OK","Indexable","","","0","0","","0","0","","0","0","","0","","0","","0","","0","","0","","","","","","","","","","68717","68717","68717","10.184","","0","","","","","0.000","3","4","","0","0","0","0.000","0","0","0","0","0","0","","","","","","0.233","Mon, 27 Jan 2020 22:21:00 GMT","","","","","1.1","","","","","","https://heartlandk9s.org/wp-content/uploads/2020/01/vet-with-dog.jpg","2026-09-13 10:32:07"
"https://heartlandk9s.org/wp-content/uploads/2020/01/k9-3-circle.png","image/png","200","OK","Indexable","","","0","0","","0","0","","0","0","","0","","0","","0","","0","","0","","","","","","","","","","324041","324041","324041","48.023","","0","","","","","0.000","3","4","","0","0","0","0.000","0","0","0","0","0","0","","","","","","0.240","Mon, 27 Jan 2020 22:21:00 GMT","","","","","1.1","","","","","","https://heartlandk9s.org/wp-content/uploads/2020/01/k9-3-circle.png","2026-09-13 10:32:07"
"http://heartlandk9s.org/wp-content/uploads/2024/10/426531710_405344248671256_8148771015118362202_n-300x200.jpg","text/html","301","Moved Permanently","Non-Indexable","Redirected","","0","0","","0","0","","0","0","","0","","0","","0","","0","","0","","","","","","","","","","795","795","795","0.118","","0","","","","","0.000","3","4","","0","0","0","0.000","0","0","0","0","0","0","","","","","","0.159","","https://heartlandk9s.org/wp-content/uploads/2024/10/426531710_405344248671256_8148771015118362202_n-300x200.jpg","HTTP Redirect","","","1.1","","","","","","http://heartlandk9s.org/wp-content/uploads/2024/10/426531710_405344248671256_8148771015118362202_n-300x200.jpg","2026-09-13 10:32:07"
"http://heartlandk9s.org/wp-content/uploads/2025/05/b3c4ea8b-17f8-477e-9d29-d5a79bebcf53-175x300.jpg","text/html","301","Moved Permanently","Non-Indexable","Redirected","","0","0","","0","0","","0","0","","0","","0","","0","","0","","0","","","","","","","","","","795","795","795","0.118","","0","","","","","0.000","3","4","","0","0","0","0.000","0","0","0","0","0","0","","","","","","0.161","","https://heartlandk9s.org/wp-content/uploads/2025/05/b3c4ea8b-17f8-477e-9d29-d5a79bebcf53-175x300.jpg","HTTP Redirect","","","1.1","","","","","","http://heartlandk9s.org/wp-content/uploads/2025/05/b3c4ea8b-17f8-477e-9d29-d5a79bebcf53-175x300.jpg","2026-09-13 10:32:07"
"http://heartlandk9s.org/wp-content/uploads/2023/01/chris2-2-236x300.jpg","text/html","301","Moved Permanently","Non-Indexable","Redirected","","0","0","","0","0","","0","0","","0","","0","","0","","0","","0","","","","","","","","","","795","795","795","0.118","","0","","","","","0.000","3","4","","0","0","0","0.000","0","0","0","0","0","0","","","","","","0.165","","https://heartlandk9s.org/wp-content/uploads/2023/01/chris2-2-236x300.jpg","HTTP Redirect","","","1.1","","","","","","http://heartlandk9s.org/wp-content/uploads/2023/01/chris2-2-236x300.jpg","2026-09-13 10:32:07"
"http://heartlandk9s.org/wp-content/uploads/2025/06/IMG_20250614_230525-1-200x300.jpg","text/html","301","Moved Permanently","Non-Indexable","Redirected","","0","0","","0","0","","0","0","","0","","0","","0","","0","","0","","","","","","","","","","795","795","795","0.118","","0","","","","","0.000","3","4","","0","0","0","0.000","0","0","0","0","0","0","","","","","","0.168","","https://heartlandk9s.org/wp-content/uploads/2025/06/IMG_20250614_230525-1-200x300.jpg","HTTP Redirect","","","1.1","","","","","","http://heartlandk9s.org/wp-content/uploads/2025/06/IMG_20250614_230525-1-200x300.jpg","2026-09-13 10:32:07"
"http://heartlandk9s.org/wp-content/uploads/2023/06/350540726_619541573454878_8557502703766027814_n-300x300.jpg","text/html","301","Moved Permanently","Non-Indexable","Redirected","","0","0","","0","0","","0","0","","0","","0","","0","","0","","0","","","","","","","","","","795","795","795","0.118","","0","","","","","0.000","3","4","","0","0","0","0.000","0","0","0","0","0","0","","","","","","0.175","","https://heartlandk9s.org/wp-content/uploads/2023/06/350540726_619541573454878_8557502703766027814_n-300x300.jpg","HTTP Redirect","","","1.1","","","","","","http://heartlandk9s.org/wp-content/uploads/2023/06/350540726_619541573454878_8557502703766027814_n-300x300.jpg","2026-09-13 10:32:07"
"http://heartlandk9s.org/wp-content/uploads/2025/01/469965036_598815635990782_1987363041355702480_n-225x300.jpg","text/html","301","Moved Permanently","Non-Indexable","Redirected","","0","0","","0","0","","0","0","","0","","0","","0","","0","","0","","","","","","","","","","795","795","795","0.118","","0","","","","","0.000","3","4","","0","0","0","0.000","0","0","0","0","0","0","","","","","","0.158","","https://heartlandk9s.org/wp-content/uploads/2025/01/469965036_598815635990782_1987363041355702480_n-225x300.jpg","HTTP Redirect","","","1.1","","","","","","http://heartlandk9s.org/wp-content/uploads/2025/01/469965036_598815635990782_1987363041355702480_n-225x300.jpg","2026-09-13 10:32:07"
"http://heartlandk9s.org/wp-content/uploads/2023/01/18893338_2010987669133569_4342285067421809005_n-180x300.jpg","text/html","301","Moved Permanently","Non-Indexable","Redirected","","0","0","","0","0","","0","0","","0","","0","","0","","0","","0","","","","","","","","","","795","795","795","0.118","","0","","","","","0.000","3","4","","0","0","0","0.000","0","0","0","0","0","0","","","","","","0.171","","https://heartlandk9s.org/wp-content/uploads/2023/01/18893338_2010987669133569_4342285067421809005_n-180x300.jpg","HTTP Redirect","","","1.1","","","","","","http://heartlandk9s.org/wp-content/uploads/2023/01/18893338_2010987669133569_4342285067421809005_n-180x300.jpg","2026-09-13 10:32:07"
"http://heartlandk9s.org/wp-content/uploads/2025/06/495802818_706318748573803_6703337712266652688_n-250x300.jpg","text/html","301","Moved Permanently","Non-Indexable","Redirected","","0","0","","0","0","","0","0","","0","","0","","0","","0","","0","","","","","","","","","","795","795","795","0.118","","0","","","","","0.000","3","4","","0","0","0","0.000","0","0","0","0","0","0","","","","","","0.173","","https://heartlandk9s.org/wp-content/uploads/2025/06/495802818_706318748573803_6703337712266652688_n-250x300.jpg","HTTP Redirect","","","1.1","","","","","","http://heartlandk9s.org/wp-content/uploads/2025/06/495802818_706318748573803_6703337712266652688_n-250x300.jpg","2026-09-13 10:32:07"
"http://heartlandk9s.org/wp-content/uploads/2025/01/2BD3EC8D-1E9A-4AA1-9A28-D78280CE66BC-200x300.jpeg","text/html","301","Moved Permanently","Non-Indexable","Redirected","","0","0","","0","0","","0","0","","0","","0","","0","","0","","0","","","","","","","","","","795","795","795","0.118","","0","","","","","0.000","3","4","","0","0","0","0.000","0","0","0","0","0","0","","","","","","0.162","","https://heartlandk9s.org/wp-content/uploads/2025/01/2BD3EC8D-1E9A-4AA1-9A28-D78280CE66BC-200x300.jpeg","HTTP Redirect","","","1.1","","","","","","http://heartlandk9s.org/wp-content/uploads/2025/01/2BD3EC8D-1E9A-4AA1-9A28-D78280CE66BC-200x300.jpeg","2026-09-13 10:32:07"
"http://heartlandk9s.org/wp-content/uploads/2024/10/274686597_10227816377459017_4978861468480127130_n-300x200.jpg","text/html","301","Moved Permanently","Non-Indexable","Redirected","","0","0","","0","0","","0","0","","0","","0","","0","","0","","0","","","","","","","","","","795","795","795","0.118","","0","","","","","0.000","3","4","","0","0","0","0.000","0","0","0","0","0","0","","","","","","0.179","","https://heartlandk9s.org/wp-content/uploads/2024/10/274686597_10227816377459017_4978861468480127130_n-300x200.jpg","HTTP Redirect","","","1.1","","","","","","http://heartlandk9s.org/wp-content/uploads/2024/10/274686597_10227816377459017_4978861468480127130_n-300x200.jpg","2026-09-13 10:32:07"
"https://heartlandk9s.org/wp-content/uploads/2025/11/Heartland-BarKode-with-SM-300x300.png","image/png","200","OK","Indexable","","","0","0","","0","0","","0","0","","0","","0","","0","","0","","0","","","","","","","","","","31340","31340","31340","4.645","","0","","","","","0.000","3","4","","0","0","0","0.000","0","0","0","0","0","0","","","","","","0.249","Tue, 25 Nov 2025 15:26:37 GMT","","","","","1.1","","","","","","https://heartlandk9s.org/wp-content/uploads/2025/11/Heartland-BarKode-with-SM-300x300.png","2026-09-13 10:32:07"
"https://heartlandk9s.org/wp-content/uploads/2026/04/LINKS-300x300.jpg","image/jpeg","200","OK","Indexable","","","0","0","","0","0","","0","0","","0","","0","","0","","0","","0","","","","","","","","","","12572","12572","12572","1.863","","0","","","","","0.000","3","4","","0","0","0","0.000","0","0","0","0","0","0","","","","","","0.261","Mon, 13 Apr 2026 15:07:32 GMT","","","","","1.1","","","","","","https://heartlandk9s.org/wp-content/uploads/2026/04/LINKS-300x300.jpg","2026-09-13 10:32:07"
"https://heartlandk9s.org/wp-content/uploads/2022/12/20221216_152112-300x169.jpg","image/jpeg","200","OK","Indexable","","","0","0","","0","0","","0","0","","0","","0","","0","","0","","0","","","","","","","","","","44902","44902","44902","6.654","","0","","","","","0.000","3","4","","0","0","0","0.000","0","0","0","0","0","0","","","","","","0.261","Fri, 16 Dec 2022 22:48:39 GMT","","","","","1.1","","","","","","https://heartlandk9s.org/wp-content/uploads/2022/12/20221216_152112-300x169.jpg","2026-09-13 10:32:07"
"https://heartlandk9s.org/wp-content/uploads/2022/12/vet-parade-300x166.jpg","image/jpeg","200","OK","Indexable","","","0","0","","0","0","","0","0","","0","","0","","0","","0","","0","","","","","","","","","","16792","16792","16792","2.489","","0","","","","","0.000","3","4","","0","0","0","0.000","0","0","0","0","0","0","","","","","","0.281","Fri, 16 Dec 2022 23:33:48 GMT","","","","","1.1","","","","","","https://heartlandk9s.org/wp-content/uploads/2022/12/vet-parade-300x166.jpg","2026-09-13 10:32:08"
"https://heartlandk9s.org/wp-content/uploads/2026/05/were-back-2-232x300.png","image/png","200","OK","Indexable","","","0","0","","0","0","","0","0","","0","","0","","0","","0","","0","","","","","","","","","","116142","116142","116142","17.212","","0","","","","","0.000","3","4","","0","0","0","0.000","0","0","0","0","0","0","","","","","","0.280","Thu, 28 May 2026 15:32:45 GMT","","","","","1.1","","","","","","https://heartlandk9s.org/wp-content/uploads/2026/05/were-back-2-232x300.png","2026-09-13 10:32:08"
"https://heartlandk9s.org/wp-content/uploads/2026/01/aRSaNzP6RkRDw9gvqs04NgnM0X41658926928464_200x200.png","image/png","200","OK","Indexable","","","0","0","","0","0","","0","0","","0","","0","","0","","0","","0","","","","","","","","","","7769","7769","7769","1.151","","0","","","","","0.000","3","4","","0","0","0","0.000","0","0","0","0","0","0","","","","","","0.280","Sat, 31 Jan 2026 23:52:48 GMT","","","","","1.1","","","","","","https://heartlandk9s.org/wp-content/uploads/2026/01/aRSaNzP6RkRDw9gvqs04NgnM0X41658926928464_200x200.png","2026-09-13 10:32:08"
"https://heartlandk9s.org/wp-content/uploads/2026/01/amazon-300x158.png","image/png","200","OK","Indexable","","","0","0","","0","0","","0","0","","0","","0","","0","","0","","0","","","","","","","","","","2093","2093","2093","0.310","","0","","","","","0.000","3","4","","0","0","0","0.000","0","0","0","0","0","0","","","","","","0.282","Sun, 11 Jan 2026 13:45:50 GMT","","","","","1.1","","","","","","https://heartlandk9s.org/wp-content/uploads/2026/01/amazon-300x158.png","2026-09-13 10:32:08"
"https://heartlandk9s.org/wp-content/uploads/2024/10/274686597_10227816377459017_4978861468480127130_n-300x200.jpg","image/jpeg","200","OK","Indexable","","","0","0","","0","0","","0","0","","0","","0","","0","","0","","0","","","","","","","","","","13327","13327","13327","1.975","","0","","","","","0.000","4","4","","0","0","0","0.000","0","0","0","0","0","0","","","","","","0.266","Tue, 15 Oct 2024 17:24:03 GMT","","","","","1.1","","","","","","https://heartlandk9s.org/wp-content/uploads/2024/10/274686597_10227816377459017_4978861468480127130_n-300x200.jpg","2026-09-13 10:32:08"
"https://heartlandk9s.org/wp-content/uploads/2025/06/495802818_706318748573803_6703337712266652688_n-250x300.jpg","image/jpeg","200","OK","Indexable","","","0","0","","0","0","","0","0","","0","","0","","0","","0","","0","","","","","","","","","","20555","20555","20555","3.046","","0","","","","","0.000","4","4","","0","0","0","0.000","0","0","0","0","0","0","","","","","","0.243","Mon, 16 Jun 2025 23:41:21 GMT","","","","","1.1","","","","","","https://heartlandk9s.org/wp-content/uploads/2025/06/495802818_706318748573803_6703337712266652688_n-250x300.jpg","2026-09-13 10:32:08"
"https://heartlandk9s.org/wp-content/uploads/2025/01/2BD3EC8D-1E9A-4AA1-9A28-D78280CE66BC-200x300.jpeg","image/jpeg","200","OK","Indexable","","","0","0","","0","0","","0","0","","0","","0","","0","","0","","0","","","","","","","","","","11554","11554","11554","1.712","","0","","","","","0.000","4","4","","0","0","0","0.000","0","0","0","0","0","0","","","","","","0.258","Thu, 09 Jan 2025 18:03:23 GMT","","","","","1.1","","","","","","https://heartlandk9s.org/wp-content/uploads/2025/01/2BD3EC8D-1E9A-4AA1-9A28-D78280CE66BC-200x300.jpeg","2026-09-13 10:32:08"
"https://heartlandk9s.org/wp-content/uploads/2023/01/18893338_2010987669133569_4342285067421809005_n-180x300.jpg","image/jpeg","200","OK","Indexable","","","0","0","","0","0","","0","0","","0","","0","","0","","0","","0","","","","","","","","","","9815","9815","9815","1.455","","0","","","","","0.000","4","4","","0","0","0","0.000","0","0","0","0","0","0","","","","","","0.259","Mon, 16 Jan 2023 18:32:54 GMT","","","","","1.1","","","","","","https://heartlandk9s.org/wp-content/uploads/2023/01/18893338_2010987669133569_4342285067421809005_n-180x300.jpg","2026-09-13 10:32:08"
"https://heartlandk9s.org/wp-content/uploads/2025/01/469965036_598815635990782_1987363041355702480_n-225x300.jpg","image/jpeg","200","OK","Indexable","","","0","0","","0","0","","0","0","","0","","0","","0","","0","","0","","","","","","","","","","15194","15194","15194","2.252","","0","","","","","0.000","4","4","","0","0","0","0.000","0","0","0","0","0","0","","","","","","0.257","Thu, 09 Jan 2025 00:37:59 GMT","","","","","1.1","","","","","","https://heartlandk9s.org/wp-content/uploads/2025/01/469965036_598815635990782_1987363041355702480_n-225x300.jpg","2026-09-13 10:32:08"
"https://heartlandk9s.org/wp-content/uploads/2023/06/350540726_619541573454878_8557502703766027814_n-300x300.jpg","image/jpeg","200","OK","Indexable","","","0","0","","0","0","","0","0","","0","","0","","0","","0","","0","","","","","","","","","","16491","16491","16491","2.444","","0","","","","","0.000","4","4","","0","0","0","0.000","0","0","0","0","0","0","","","","","","0.284","Mon, 26 Jun 2023 12:20:49 GMT","","","","","1.1","","","","","","https://heartlandk9s.org/wp-content/uploads/2023/06/350540726_619541573454878_8557502703766027814_n-300x300.jpg","2026-09-13 10:32:08"
"https://heartlandk9s.org/wp-content/uploads/2023/01/chris2-2-236x300.jpg","image/jpeg","200","OK","Indexable","","","0","0","","0","0","","0","0","","0","","0","","0","","0","","0","","","","","","","","","","12764","12764","12764","1.892","","0","","","","","0.000","4","4","","0","0","0","0.000","0","0","0","0","0","0","","","","","","0.281","Fri, 13 Jan 2023 20:33:10 GMT","","","","","1.1","","","","","","https://heartlandk9s.org/wp-content/uploads/2023/01/chris2-2-236x300.jpg","2026-09-13 10:32:08"
"https://heartlandk9s.org/wp-content/uploads/2025/06/IMG_20250614_230525-1-200x300.jpg","image/jpeg","200","OK","Indexable","","","0","0","","0","0","","0","0","","0","","0","","0","","0","","0","","","","","","","","","","16920","16920","16920","2.508","","0","","","","","0.000","4","4","","0","0","0","0.000","0","0","0","0","0","0","","","","","","0.294","Mon, 16 Jun 2025 23:35:15 GMT","","","","","1.1","","","","","","https://heartlandk9s.org/wp-content/uploads/2025/06/IMG_20250614_230525-1-200x300.jpg","2026-09-13 10:32:08"
"https://heartlandk9s.org/wp-content/uploads/2024/10/426531710_405344248671256_8148771015118362202_n-300x200.jpg","image/jpeg","200","OK","Indexable","","","0","0","","0","0","","0","0","","0","","0","","0","","0","","0","","","","","","","","","","14770","14770","14770","2.189","","0","","","","","0.000","4","4","","0","0","0","0.000","0","0","0","0","0","0","","","","","","0.258","Tue, 15 Oct 2024 17:30:34 GMT","","","","","1.1","","","","","","https://heartlandk9s.org/wp-content/uploads/2024/10/426531710_405344248671256_8148771015118362202_n-300x200.jpg","2026-09-13 10:32:08"
"https://heartlandk9s.org/wp-content/uploads/2025/05/b3c4ea8b-17f8-477e-9d29-d5a79bebcf53-175x300.jpg","image/jpeg","200","OK","Indexable","","","0","0","","0","0","","0","0","","0","","0","","0","","0","","0","","","","","","","","","","10113","10113","10113","1.499","","0","","","","","0.000","4","4","","0","0","0","0.000","0","0","0","0","0","0","","","","","","0.277","Thu, 29 May 2025 03:42:23 GMT","","","","","1.1","","","","","","https://heartlandk9s.org/wp-content/uploads/2025/05/b3c4ea8b-17f8-477e-9d29-d5a79bebcf53-175x300.jpg","2026-09-13 10:32:08"
"https://heartlandk9s.org/wp-content/uploads/2024/01/411130906_10228189590658501_1918452889683907811_n-300x300.jpg","image/jpeg","200","OK","Indexable","","","0","0","","0","0","","0","0","","0","","0","","0","","0","","0","","","","","","","","","","24965","24965","24965","3.700","","0","","","","","0.000","4","4","","0","0","0","0.000","0","0","0","0","0","0","","","","","","0.243","Thu, 04 Jan 2024 02:28:02 GMT","","","","","1.1","","","","","","https://heartlandk9s.org/wp-content/uploads/2024/01/411130906_10228189590658501_1918452889683907811_n-300x300.jpg","2026-09-13 10:32:08"
"https://heartlandk9s.org/wp-content/uploads/2025/11/1000009148-200x300.png","image/png","200","OK","Indexable","","","0","0","","0","0","","0","0","","0","","0","","0","","0","","0","","","","","","","","","","62163","62163","62163","9.213","","0","","","","","0.000","4","4","","0","0","0","0.000","0","0","0","0","0","0","","","","","","0.263","Wed, 26 Nov 2025 21:01:44 GMT","","","","","1.1","","","","","","https://heartlandk9s.org/wp-content/uploads/2025/11/1000009148-200x300.png","2026-09-13 10:32:08"
"https://heartlandk9s.org/wp-content/uploads/2025/11/1000009154-200x300.png","image/png","200","OK","Indexable","","","0","0","","0","0","","0","0","","0","","0","","0","","0","","0","","","","","","","","","","63607","63607","63607","9.427","","0","","","","","0.000","4","4","","0","0","0","0.000","0","0","0","0","0","0","","","","","","0.270","Wed, 26 Nov 2025 21:00:14 GMT","","","","","1.1","","","","","","https://heartlandk9s.org/wp-content/uploads/2025/11/1000009154-200x300.png","2026-09-13 10:32:08"
"https://heartlandk9s.org/wp-content/uploads/2025/11/1000009712-200x300.png","image/png","200","OK","Indexable","","","0","0","","0","0","","0","0","","0","","0","","0","","0","","0","","","","","","","","","","56754","56754","56754","8.411","","0","","","","","0.000","4","4","","0","0","0","0.000","0","0","0","0","0","0","","","","","","0.243","Wed, 26 Nov 2025 21:01:03 GMT","","","","","1.1","","","","","","https://heartlandk9s.org/wp-content/uploads/2025/11/1000009712-200x300.png","2026-09-13 10:32:08"
"https://heartlandk9s.org/wp-content/uploads/2025/11/dogclass-300x171.webp","image/webp","200","OK","Indexable","","","0","0","","0","0","","0","0","","0","","0","","0","","0","","0","","","","","","","","","","15948","15948","15948","2.363","","0","","","","","0.000","4","4","","0","0","0","0.000","0","0","0","0","0","0","","","","","","0.249","Mon, 01 Dec 2025 00:24:44 GMT","","","","","1.1","","","","","","https://heartlandk9s.org/wp-content/uploads/2025/11/dogclass-300x171.webp","2026-09-13 10:32:08"
